x,y,z,som,picos
0.0000,0.0000,0.0000,27383,0
0.0000,0.0000,0.0000,27219,0
0.0000,0.0000,0.0000,27361,0
0.0000,0.0000,0.0000,27311,0
0.0000,0.0000,0.0000,27270,0
-21.7266,1.6641,3.7227,27361,0
-4.2578,4.7695,-1.1445,27225,0
-22.1133,4.3828,3.6836,27383,0
-5.5234,-7.1445,0.5430,27240,0
-20.3047,6.2617,3.2227,27322,0
-10.7344,-6.3398,1.8047,27302,0
1.3359,-1.1328,-1.8711,27224,0
-16.9805,7.2969,2.4180,27363,0
2.4062,-3.9336,-1.8320,27220,0
-12.7969,7.5625,1.1172,27356,0
-19.6211,-1.3984,3.4922,27356,0
-8.3203,6.7578,-0.0703,27267,0
-21.7266,1.7031,3.7227,27290,0
-1.2695,-6.9531,-0.6836,27330,0
-4.2578,4.7656,-1.1797,27229,0
-5.5977,-7.1797,0.5039,27356,0
-0.9648,1.9297,-1.7188,27257,0
-20.2656,6.3398,3.1875,27380,0
1.3711,-1.2070,-1.8711,27292,0
-16.9023,7.2578,2.4180,27292,0
-15.8320,-4.2734,2.8398,27334,0
-12.7969,7.5273,1.1172,27270,0
-19.5430,-1.3984,3.4922,27394,0
1.6016,-5.8828,-1.5273,27266,0
-8.3594,6.7969,-0.0703,27396,0
-1.2695,-6.9531,-0.6836,27302,0
-4.2578,4.7656,-1.1797,27311,0
-22.0742,4.4219,3.6836,27381,0
-1.0039,1.9727,-1.7188,27267,0
-20.3047,6.2617,3.2227,27415,0
-10.6953,-6.3789,1.7695,27281,0
1.3359,-1.2070,-1.8711,27388,0
-15.7148,-4.3477,2.8008,27344,0
2.3672,-3.9336,-1.8320,27344,0
-12.8789,7.5625,1.1562,27290,0
1.6016,-5.8867,-1.5664,27405,0
-8.4336,6.8359,-0.0312,27263,0
-21.7266,1.6641,3.7227,27406,0
-4.3359,4.8047,-1.1055,27306,0
-22.0742,4.3828,3.7227,27345,0
-5.4844,-7.1836,0.4648,27348,0
-1.0391,2.0117,-1.6797,27289,0
-10.6172,-6.3789,1.7305,27420,0
1.2578,-1.0938,-1.8711,27270,0
-17.0586,7.2188,2.4180,27404,0
2.3672,-3.8516,-1.8320,27335,0
-12.9570,7.6016,1.1562,27312,0
-19.4609,-1.4766,3.4531,27366,0
1.6406,-5.8828,-1.5664,27266,0
-21.6875,1.6250,3.7617,27391,0
-1.1562,-6.9180,-0.7227,27279,0
-4.4102,4.8477,-1.1055,27387,0
-5.4062,-7.1797,0.4258,27325,0
-1.0781,2.0469,-1.6797,27297,0
-20.3477,6.2617,3.1875,27297,0
-10.5820,-6.4180,1.7695,27351,0
-17.0898,7.2578,2.3828,27268,0
-15.6758,-4.3477,2.8789,27396,0
2.3672,-3.8945,-1.8320,27267,0
-19.5391,-1.4375,3.4922,27393,0
1.6016,-5.8828,-1.5273,27308,0
-8.3633,6.7227,-0.0312,27266,0
-1.2695,-6.9141,-0.6836,27387,0
-4.2578,4.7305,-1.1797,27245,0
-21.9922,4.4219,3.6445,27403,0
-5.5977,-7.1406,0.5039,27278,0
-20.2383,6.3750,3.1094,27346,0
-10.8438,-6.2656,1.7695,27332,0
1.4102,-1.3242,-1.8672,27260,0
-15.9805,-4.1562,2.8789,27402,0
2.3672,-4.1211,-1.7930,27244,0
-12.5703,7.4883,1.0391,27407,0
-19.7734,-1.2070,3.4922,27287,0
-8.0469,6.6055,-0.1836,27314,0
-21.8086,1.9336,3.7617,27356,0
-1.5781,-6.9531,-0.5312,27356,0
-21.9180,4.6523,3.6445,27242,0
-6.1367,-7.0312,0.6562,27395,0
-0.6562,1.5117,-1.7891,27254,0
-19.9219,6.4922,3.1094,27362,0
1.6016,-1.6680,-1.9102,27302,0
-16.3203,7.3711,2.1523,27273,0
-16.4805,-3.8516,2.9922,27371,0
-12.0352,7.4102,0.8086,27248,0
-20.1992,-0.7109,3.5312,27372,0
1.2578,-6.1875,-1.3711,27259,0
-21.9961,2.3945,3.7227,27345,0
-2.0352,-7.0703,-0.3789,27286,0
-3.3789,4.0820,-1.3359,27265,0
-21.8359,4.9609,3.6055,27320,0
-0.1992,0.9766,-1.8281,27220,0
-19.5391,6.6055,2.9922,27347,0
-12.2656,-5.8047,2.1914,27223,0
-15.5938,7.4102,1.9609,27317,0
-17.2070,-3.3164,3.1094,27276,0
2.2930,-4.6992,-1.7578,27232,0
-11.1914,7.2578,0.5820,27327,0
0.7578,-6.4141,-1.2969,27327,0
-6.7109,6.1094,-0.6445,27221,0
-22.1094,2.9297,3.7227,27349,0
-2.8047,3.5820,-1.4492,27267,0
-21.6133,5.3047,3.5703,27270,0
-7.7422,-6.8398,1.1953,27324,0
-19.0117,6.7578,2.9180,27230,0
-13.1445,-5.4609,2.3828,27369,0
2.0625,-2.6289,-1.9102,27219,0
-14.9492,7.4492,1.8047,27361,0
2.1367,-5.0039,-1.6797,27292,0
-10.3828,7.1445,0.4258,27233,0
-21.0703,0.3633,3.6445,27333,0
-5.9883,5.7656,-0.7617,27207,0
-22.1875,3.3516,3.7617,27354,0
-3.5312,-7.1836,-0.0703,27256,0
-2.3047,3.1953,-1.5664,27307,0
-8.5859,-6.7617,1.3086,27292,0
0.6055,-0.0586,-1.8281,27220,0
-18.4297,7.0273,2.7266,27220,0
2.1758,-3.1602,-1.9102,27220,0
-14.2617,7.5625,1.5781,27220,0
-18.3906,-2.3945,3.3398,27355,0
2.0234,-5.3867,-1.6016,27251,0
-21.3086,0.8594,3.7617,27292,0
-0.2734,-6.7188,-0.9531,27311,0
-5.3320,5.4180,-0.9883,27214,0
-4.3359,-7.2578,0.1992,27362,0
-1.7305,2.6602,-1.6797,27227,0
-20.8867,5.9570,3.3398,27322,0
0.9492,-0.5938,-1.8672,27279,0
-17.7812,7.1797,2.5352,27259,0
-14.8320,-4.7695,2.6875,27311,0
2.3320,-3.6172,-1.9102,27240,0
-19.0508,-1.8594,3.4922,27364,0
1.7539,-5.7305,-1.5664,27225,0
-8.8516,6.8750,0.0078,27338,0
-0.8867,-6.8359,-0.7227,27261,0
-4.6016,4.9961,-1.1445,27254,0
-22.0703,4.3086,3.6836,27321,0
-5.2539,-7.1836,0.4258,27218,0
-20.3438,6.3008,3.2227,27372,0
-10.6172,-6.3398,1.8047,27251,0
1.3359,-1.1680,-1.9102,27251,0
-15.8320,-4.2734,2.8398,27318,0
2.4062,-4.0820,-1.8320,27294,0
-12.6523,7.5625,1.0391,27227,0
-19.7734,-1.2070,3.5312,27356,0
-7.9688,6.6445,-0.2617,27208,0
-21.8750,1.9727,3.7617,27363,0
-1.6172,-7.0312,-0.5312,27255,0
-21.9570,4.6523,3.6836,27305,0
-6.2109,-7.0742,0.6953,27311,0
-0.5430,1.4336,-1.7891,27211,0
-11.6133,-6.0742,2.0352,27365,0
1.7188,-1.7461,-1.9453,27205,0
-16.1328,7.3711,2.1133,27353,0
-16.7461,-3.6992,3.0312,27281,0
-11.6875,7.4102,0.7344,27252,0
-20.4219,-0.5195,3.5703,27332,0
1.0664,-6.3359,-1.3359,27221,0
-22.0703,2.6211,3.7617,27389,0
-2.4570,-7.1133,-0.2617,27221,0
-3.0703,3.8867,-1.4102,27326,0
-21.1133,5.1133,3.4922,27326,0
-2.6094,0.4375,-1.0273,27373,0
-20.0820,7.6797,1.5000,27303,0
-11.8438,-6.4180,2.5742,27285,0
-16.4414,7.6797,1.9961,27215,0
-16.8633,-2.7773,3.2617,27395,0
3.8633,-5.6094,-2.1016,27325,0
-12.0703,7.6797,0.8477,27348,0
1.1797,-7.3008,-1.0273,27271,0
-4.5664,5.7656,-0.9141,27221,0
-22.4180,3.5430,3.7617,27419,0
-2.2266,3.3906,-1.6797,27293,0
-21.6133,5.8008,3.6055,27398,0
-9.3516,-7.0703,1.6133,27264,0
-17.2070,7.1797,2.5742,27309,0
-14.1016,-5.1523,2.4961,27375,0
1.8320,-3.6211,-1.9844,27254,0
-14.3672,8.1406,1.4609,27399,0
1.8711,-6.0352,-1.5273,27234,0
-8.9297,7.3711,-0.0703,27377,0
-21.1094,1.3984,3.6836,27377,0
-4.9883,5.4570,-1.2188,27284,0
-22.4922,4.5391,3.7617,27284,0
-5.2148,-7.7227,0.5820,27358,0
-0.8867,1.9727,-1.7930,27204,0
-10.7656,-6.4961,1.9609,27412,0
1.4492,-1.5156,-1.8711,27270,0
-17.0156,7.7188,2.1914,27325,0
2.4453,-4.5820,-1.6406,27328,0
-12.0742,7.7539,0.6953,27234,0
-19.9648,-0.7500,3.5703,27386,0
-7.6289,6.7578,-0.5312,27252,0
-22.1875,2.6211,3.7617,27379,0
-2.1914,-7.4570,-0.1836,27274,0
-3.1875,4.1602,-1.4883,27299,0
-7.2461,-7.2227,1.0781,27354,0
0.1094,0.4766,-1.7930,27234,0
-19.3906,6.9883,2.8789,27395,0
2.1016,-2.7461,-1.8711,27250,0
-14.9492,7.7188,1.6133,27362,0
-17.8242,-2.8555,3.2227,27305,0
2.2539,-5.3438,-1.6016,27287,0
-21.2656,0.6680,3.7227,27359,0
0.0312,-6.9180,-0.8750,27359,0
-5.5625,5.6523,-1.0273,27251,0
-4.1445,-7.4141,0.2344,27421,0
-1.8086,2.7344,-1.6406,27276,0
-20.8828,6.1094,3.2617,27357,0
-9.6562,-6.6875,1.7305,27328,0
-17.5469,7.3711,2.3828,27286,0
-15.1719,-4.5781,2.8789,27379,0
2.4062,-3.9648,-1.7930,27251,0
-19.5039,-1.3984,3.4922,27428,0
1.6016,-6.1523,-1.4102,27282,0
-8.2070,6.8359,-0.3398,27324,0
-1.5781,-7.2188,-0.4141,27366,0
-3.7617,4.3867,-1.3711,27255,0
-21.9141,4.8828,3.5703,27400,0
-6.5586,-7.1445,0.8867,27271,0
-19.6562,6.7578,2.9180,27388,0
-12.2266,-5.9219,2.2266,27322,0
1.9453,-2.3203,-1.9102,27297,0
-17.3984,-3.1992,3.1875,27387,0
2.2930,-5.0000,-1.6016,27248,0
-10.8438,7.4492,0.3516,27408,0
-20.8828,0.2461,3.6836,27408,0
-6.2148,5.8398,-0.8359,27271,0
-22.1133,3.4648,3.7969,27339,0
-3.6094,-7.2969,0.1602,27322,0
-21.1484,5.7266,3.3789,27276,0
-8.8945,-6.7227,1.5000,27396,0
0.8359,-0.4805,-1.8281,27264,0
-18.1250,7.1797,2.4961,27441,0
2.2930,-3.6172,-1.8711,27309,0
-13.6445,7.7930,1.1953,27311,0
-19.0078,-1.7812,3.4141,27368,0
-8.7422,6.9141,-0.1484,27264,0
-21.7266,1.7422,3.7617,27396,0
-1.1953,-6.9922,-0.5703,27270,0
-22.0352,4.5781,3.6836,27368,0
-5.7891,-7.1836,0.6953,27284,0
-0.6953,1.4727,-1.7578,27264,0
-19.8867,6.4141,3.1484,27342,0
1.6016,-1.7461,-1.9102,27228,0
-16.0938,7.4102,1.9961,27374,0
-16.7461,-3.6211,3.0703,27374,0
-11.5039,7.4883,0.5039,27353,0
-20.5430,-0.2109,3.6055,27353,0
0.8750,-6.4961,-1.2188,27314,0
-6.8633,6.1094,-0.6836,27253,0
-2.8789,-7.2227,-0.0703,27380,0
-2.6875,3.4609,-1.5664,27236,0
-21.3828,5.4961,3.4141,27398,0
0.4141,0.0195,-1.7930,27284,0
-18.5508,7.0664,2.6875,27270,0
-13.8750,-5.1914,2.6094,27324,0
-14.2227,7.6016,1.4609,27239,0
-18.5078,-2.2422,3.4141,27367,0
1.9453,-5.5000,-1.5273,27240,0
-9.4336,6.9883,0.0430,27367,0
-0.6211,-6.8359,-0.7227,27286,0
-4.8320,4.9922,-1.1797,27274,0
-22.0352,4.3086,3.6836,27351,0
-1.1953,1.9297,-1.7578,27244,0
-20.3477,6.3750,3.1094,27408,0
-10.8828,-6.2656,1.8828,27258,0
1.4492,-1.4375,-1.8672,27347,0
-16.2539,-3.9297,2.9570,27316,0
2.3320,-4.4219,-1.6797,27316,0
-12.0703,7.4492,0.6953,27258,0
1.0664,-6.3359,-1.2188,27384,0
-7.2070,6.2227,-0.5703,27231,0
-21.9531,2.6992,3.7617,27395,0
-2.5742,-7.1406,-0.1094,27279,0
-21.6133,5.3789,3.4531,27308,0
-7.8242,-6.8789,1.2305,27340,0
0.2227,0.2852,-1.8672,27234,0
-13.4141,-5.3438,2.4961,27398,0
2.1758,-3.0508,-1.8711,27239,0
-14.5273,7.6406,1.4609,27356,0
2.0234,-5.4219,-1.4883,27325,0
-9.6562,7.0664,0.0820,27274,0
-21.3867,1.0508,3.6836,27360,0
-0.4297,-6.7969,-0.7227,27245,0
-22.0742,4.0781,3.7227,27406,0
-4.9883,-7.1797,0.5430,27263,0
-1.3086,2.0859,-1.7188,27334,0
-10.6172,-6.3047,1.8828,27339,0
1.3359,-1.3242,-1.9062,27239,0
-16.7422,7.3711,2.1914,27239,0
-16.1328,-4.0039,2.9570,27397,0
-12.1875,7.5625,0.6562,27233,0
-20.1172,-0.6719,3.5703,27387,0
1.1797,-6.3086,-1.2969,27287,0
-21.9570,2.6602,3.7617,27306,0
-2.4570,-7.1836,-0.1836,27359,0
-3.1484,3.7773,-1.4492,27247,0
-21.5742,5.2656,3.5312,27398,0
0.1836,0.3242,-1.8281,27283,0
-18.8945,6.8359,2.8008,27343,0
-13.3008,-5.4219,2.5742,27325,0
-14.6445,7.6406,1.5391,27282,0
-18.2422,-2.5117,3.3398,27360,0
2.0234,-5.3828,-1.5664,27243,0
-21.3086,1.0508,3.7227,27413,0
-0.4297,-6.8398,-0.7969,27282,0
-5.1406,5.1914,-1.1445,27337,0
-22.1094,4.1914,3.6836,27347,0
-1.3477,2.1250,-1.6797,27259,0
-20.3828,6.2227,3.1484,27394,0
-10.5391,-6.3398,1.9219,27394,0
-16.8633,7.2969,2.1914,27245,0
-16.0547,-4.0430,3.0312,27396,0
2.3672,-4.3164,-1.6797,27273,0
-12.2305,7.5273,0.6953,27286,0
1.2188,-6.3047,-1.2969,27346,0
-7.3984,6.4531,-0.5703,27218,0
-22.0352,2.7383,3.7617,27396,0
-3.0703,3.7773,-1.4883,27240,0
-21.5703,5.3789,3.4531,27332,0
-7.7031,-6.9141,1.2695,27284,0
0.2617,0.2461,-1.8281,27261,0
-13.4961,-5.3438,2.5742,27333,0
2.1016,-3.1289,-1.8711,27190,0
-14.4883,7.6016,1.4219,27364,0
2.0234,-5.5000,-1.5664,27229,0
-9.5078,7.0273,-0.0312,27287,0
-21.3867,1.1289,3.7227,27297,0
-4.9102,5.1094,-1.1797,27207,0
-22.0703,4.3086,3.6836,27337,0
-5.2148,-7.2617,0.5430,27182,0
-1.1562,1.9336,-1.7930,27341,0
-10.9648,-6.2266,2.0352,27240,0
1.4492,-1.5547,-1.8711,27240,0
-16.4414,7.4102,2.0742,27227,0
2.3672,-4.5391,-1.6797,27336,0
-11.7305,7.4102,0.5430,27194,0
-20.3828,-0.3672,3.6836,27354,0
0.9141,-6.4141,-1.1797,27230,0
-22.0352,3.0039,3.7227,27305,0
-2.9570,-7.2578,0.0078,27262,0
-2.6875,3.3516,-1.6016,27241,0
-8.4297,-6.8008,1.4609,27357,0
0.6055,-0.2500,-1.8672,27205,0
-18.3164,7.1445,2.5352,27375,0
2.2539,-3.5117,-1.7930,27253,0
-13.7227,7.6797,1.1953,27270,0
-18.9336,-1.7812,3.5312,27301,0
1.7539,-5.8086,-1.4883,27225,0
-21.6523,1.7812,3.7617,27380,0
-1.2695,-6.9922,-0.4531,27233,0
-4.1836,4.5781,-1.3711,27358,0
-6.2500,-7.1445,0.8867,27290,0
-0.4648,1.0508,-1.8281,27290,0
-19.6562,6.6836,2.8398,27265,0
-12.1094,-5.8828,2.3438,27356,0
-15.4883,7.5273,1.7305,27229,0
-17.3984,-3.0859,3.3008,27410,0
2.2148,-5.0391,-1.4883,27263,0
-20.9609,0.5156,3.7617,27353,0
0.1094,-6.6523,-0.8359,27338,0
-5.7891,5.5352,-1.0664,27260,0
-22.0312,3.8086,3.7227,27396,0
-1.7695,2.4688,-1.7188,27240,0
-20.6211,6.1094,3.1484,27387,0
-10.0430,-6.4961,1.8438,27286,0
-17.0586,7.4102,2.1133,27307,0
-15.7891,-4.1562,2.9922,27339,0
2.3672,-4.3438,-1.6406,27211,0
-20.0430,-0.6719,3.6836,27392,0
1.1445,-6.3750,-1.1797,27209,0
-7.3203,6.3008,-0.6445,27322,0
-21.9570,2.8125,3.7969,27284,0
-2.9180,3.6172,-1.5664,27241,0
-21.4570,5.4961,3.4141,27353,0
-8.0898,-6.8789,1.4219,27353,0
-18.5469,7.1445,2.5352,27210,0
-13.9453,-5.1172,2.7266,27368,0
2.2539,-3.4727,-1.8320,27242,0
-13.9492,7.7930,1.1172,27271,0
1.8320,-5.8477,-1.4492,27288,0
-8.8906,6.9531,-0.2617,27206,0
-21.6094,1.7422,3.6836,27351,0
-4.2969,4.5820,-1.3711,27220,0
-21.9570,4.8047,3.5703,27327,0
-6.2109,-7.1797,0.9258,27256,0
-0.5430,1.1680,-1.7930,27231,0
-12.0742,-5.9219,2.3047,27308,0
1.8711,-2.3906,-1.8711,27201,0
-15.5156,7.6016,1.7305,27362,0
2.3320,-5.0820,-1.5664,27241,0
-10.6172,7.2969,0.1602,27301,0
-20.9648,0.5547,3.6836,27278,0
-5.8320,5.4961,-1.0273,27225,0
-22.1484,3.8086,3.7227,27346,0
-4.2188,-7.2188,0.3906,27212,0
-1.7695,2.4336,-1.7188,27212,0
-9.9609,-6.4961,1.8047,27361,0
1.1445,-1.0938,-1.9102,27265,0
-17.2031,7.4102,2.1914,27272,0
2.4062,-4.2383,-1.7188,27359,0
-12.4961,7.5625,0.7734,27242,0
-19.9219,-0.8242,3.6445,27393,0
1.2969,-6.2266,-1.2969,27250,0
-21.9570,2.6602,3.7227,27366,0
-2.3828,-7.1445,-0.1094,27291,0
-3.1484,3.6992,-1.4883,27271,0
-7.7852,-6.9141,1.3477,27403,0
0.3008,0.0547,-1.8281,27229,0
-18.7734,6.9883,2.6875,27436,0
-13.6445,-5.2305,2.6484,27282,0
-14.3281,7.7188,1.3086,27323,0
-18.4727,-2.2031,3.3789,27338,0
2.0234,-5.6094,-1.5273,27232,0
-21.4961,1.4336,3.7617,27399,0
-0.7734,-6.8789,-0.5703,27250,0
-4.6797,4.8477,-1.2188,27250,0
-5.5625,-7.1406,0.6953,27305,0
-0.8477,1.4727,-1.7930,27305,0
-20.0391,6.5312,2.9570,27274,0
-11.4219,-6.0742,2.1914,27386,0
-16.0547,7.4102,1.9219,27258,0
-16.8633,-3.5078,3.1875,27419,0
2.4062,-4.6953,-1.6016,27280,0
-20.6875,-0.0195,3.6445,27385,0
0.7578,-6.4922,-1.1055,27350,0
-6.5547,5.9180,-0.8359,27284,0
-22.1484,3.3516,3.6836,27415,0
-2.4180,3.0781,-1.5664,27268,0
-21.1875,5.7656,3.2617,27404,0
-8.8125,-6.7227,1.5000,27307,0
-18.1250,7.1797,2.4961,27342,0
-14.5625,-4.8867,2.7656,27353,0
2.3672,-3.6211,-1.7930,27265,0
-13.6797,7.6406,1.1953,27412,0
1.7930,-5.7656,-1.4492,27278,0
-8.7461,6.7969,-0.1484,27398,0
-21.6875,1.7422,3.7227,27398,0
-4.2578,4.6133,-1.2578,27308,0
-22.0352,4.6914,3.6055,27308,0
-5.9844,-7.1445,0.6953,27376,0
-19.9609,6.6055,2.9922,27266,0
-11.6523,-6.0742,2.1133,27430,0
1.7539,-1.9023,-1.8711,27280,0
-16.0586,7.4883,1.9609,27396,0
2.4453,-4.6602,-1.6406,27352,0
-11.4219,7.3359,0.5820,27326,0
-20.6172,-0.1758,3.6445,27454,0
-6.7852,5.9922,-0.6836,27306,0
-22.1484,3.0820,3.6836,27459,0
-2.9180,-7.2227,-0.0703,27340,0
-2.6875,3.3945,-1.4883,27374,0
-8.2422,-6.8789,1.3086,27418,0
0.5312,0.0195,-1.8320,27300,0
-18.6289,7.1055,2.6484,27488,0
2.2930,-3.1562,-1.8711,27342,0
-14.3320,7.6406,1.4609,27463,0
-18.5508,-2.3203,3.3398,27403,0
-9.5078,6.9531,0.1211,27355,0
-21.4961,1.1289,3.6836,27453,0
-0.3516,-6.8008,-0.7969,27328,0
-5.0234,5.0703,-1.0664,27328,0
-4.8320,-7.2188,0.3906,27499,0
-1.3477,2.2383,-1.6406,27350,0
-20.5430,6.2227,3.1875,27406,0
1.3359,-1.0938,-1.8320,27420,0
-17.1641,7.3359,2.3047,27329,0
-15.7109,-4.3477,2.8789,27439,0
2.4844,-4.0430,-1.7578,27326,0
-19.7344,-1.2070,3.4922,27449,0
1.6406,-6.0703,-1.4492,27353,0
-8.1250,6.6445,-0.3008,27374,0
-1.6172,-7.0742,-0.4922,27400,0
-3.7617,4.3438,-1.2969,27277,0
-21.9570,4.9219,3.6055,27416,0
-6.4414,-7.1094,0.7734,27291,0
-19.8164,6.6836,3.0703,27392,0
-11.9531,-5.9961,2.1133,27307,0
1.8711,-1.9375,-1.8711,27307,0
-17.0156,-3.5469,3.0703,27373,0
2.4453,-4.6602,-1.6797,27253,0
-11.4258,7.4102,0.6172,27253,0
0.9883,-6.4141,-1.2969,27249,0
-6.9805,6.1836,-0.5703,27249,0
-22.1484,2.8906,3.7227,27358,0
-2.5742,-7.2188,-0.2617,27285,0
-21.7266,5.3438,3.4922,27262,0
-7.6250,-7.0312,1.0781,27363,0
0.2617,0.4375,-1.7891,27201,0
-13.0742,-5.6133,2.3438,27408,0
2.2148,-2.5898,-1.8711,27243,0
-15.0625,7.5273,1.8047,27300,0
-17.8633,-2.9336,3.2227,27320,0
-10.5430,7.2578,0.4648,27220,0
-21.0703,0.3633,3.6445,27372,0
0.4922,-6.6484,-1.1055,27228,0
-22.2578,3.3906,3.7617,27382,0
-3.3398,-7.3398,-0.0703,27276,0
-2.3828,3.2773,-1.5273,27280,0
-21.3867,5.6875,3.3789,27346,0
0.6055,-0.0195,-1.8281,27230,0
-18.6680,7.0664,2.7656,27386,0
-13.8008,-5.3438,2.5352,27386,0
-14.5273,7.6797,1.6133,27367,0
-18.2734,-2.5859,3.2617,27367,0
2.2148,-5.2656,-1.5664,27330,0
-21.3477,0.7461,3.7227,27309,0
0.0312,-6.7227,-0.9883,27383,0
-5.5977,5.5352,-0.8750,27280,0
-22.2617,3.6953,3.7227,27438,0
-1.9219,2.8906,-1.6016,27339,0
-21.1094,5.9570,3.3398,27433,0
-9.1602,-6.8008,1.3867,27410,0
-18.1641,7.2188,2.6094,27398,0
-14.5234,-5.0000,2.5742,27439,0
2.4453,-3.4297,-1.8711,27314,0
-13.9492,7.6406,1.3867,27437,0
2.0234,-5.5703,-1.5664,27252,0
-9.3125,6.9531,0.1211,27285,0
-21.5312,1.1680,3.7617,27266,0
-5.0234,5.1914,-1.0273,27217,0
-22.1914,4.0781,3.7227,27357,0
-4.6797,-7.2578,0.3125,27218,0
-1.4609,2.4727,-1.6797,27393,0
-9.9609,-6.6094,1.6133,27291,0
1.1797,-0.8242,-1.8711,27291,0
-17.5508,7.2969,2.4570,27332,0
2.4453,-3.7734,-1.8320,27434,0
-13.3008,7.6016,1.1953,27312,0
-19.3164,-1.6680,3.4141,27483,0
-8.6680,6.7969,-0.0312,27348,0
-21.7305,1.5898,3.7227,27435,0
-1.0039,-6.9180,-0.6445,27384,0
-4.4492,4.8047,-1.1445,27332,0
-5.4453,-7.1797,0.5430,27396,0
-1.0039,1.9297,-1.7188,27246,0
-20.3477,6.3398,3.1875,27381,0
1.4492,-1.2461,-1.8672,27288,0
-16.9023,7.3359,2.3438,27305,0
-15.9766,-4.1953,2.8398,27307,0
2.5234,-4.1211,-1.8320,27223,0
-19.8555,-1.1680,3.4922,27340,0
1.5625,-6.0312,-1.4492,27225,0
-8.0508,6.5664,-0.2227,27356,0
-1.5781,-6.9922,-0.5312,27270,0
-3.8359,4.4258,-1.2188,27270,0
-21.9961,4.7695,3.6836,27270,0
-6.2109,-7.0742,0.6953,27312,0
-19.8867,6.5312,3.1484,27224,0
-11.6875,-6.0742,2.0352,27360,0
1.7188,-1.6680,-1.9102,27235,0
-16.7031,-3.8125,2.9922,27360,0
2.4844,-4.4648,-1.7578,27281,0
-11.8438,7.3711,0.7734,27266,0
1.2578,-6.2695,-1.3711,27361,0
-7.3242,6.2617,-0.4531,27241,0
-22.1484,2.5469,3.7227,27378,0
-2.2656,-7.1094,-0.3398,27244,0
-21.8047,5.1523,3.5703,27345,0
-7.0938,-6.9922,0.8867,27295,0
-0.0078,0.8203,-1.7578,27259,0
-12.5352,-5.8047,2.2266,27365,0
1.9844,-2.1641,-1.9102,27188,0
-15.4883,7.4492,1.9609,27377,0
-17.3633,-3.3164,3.1094,27229,0
-11.0781,7.2969,0.5820,27289,0
-20.8086,-0.0977,3.6055,27278,0
0.8359,-6.4180,-1.2578,27278,0
-22.1875,2.9688,3.7227,27330,0
-2.8398,-7.1836,-0.1836,27330,0
-2.8047,3.5430,-1.4492,27193,0
-7.8242,-6.9531,1.1172,27346,0
0.3398,0.4023,-1.7617,27235,0
-19.0117,6.9141,2.8789,27259,0
-13.1406,-5.5000,2.3047,27315,0
-15.0625,7.5273,1.8047,27240,0
-17.8633,-2.9336,3.1875,27354,0
2.3320,-4.9648,-1.6797,27221,0
-21.1094,0.3242,3.6445,27353,0
0.5312,-6.5742,-1.1797,27255,0
-6.1758,5.6875,-0.7227,27265,0
-22.2578,3.2734,3.7617,27332,0
-2.4180,3.2773,-1.4883,27211,0
-21.3438,5.5352,3.4531,27360,0
-8.3242,-6.8008,1.1953,27249,0
-18.6680,6.9531,2.8398,27337,0
-13.6836,-5.3086,2.4570,27283,0
2.2148,-2.8555,-1.9102,27250,0
-14.6016,7.5273,1.6914,27335,0
2.2148,-5.1211,-1.6797,27230,0
-10.0430,7.0664,0.3906,27230,0
-21.3086,0.6289,3.6445,27381,0
-5.7500,5.5352,-0.7969,27278,0
-22.2617,3.5820,3.7969,27317,0
-3.7227,-7.1445,0.0078,27313,0
-21.1523,5.6875,3.4141,27276,0
-8.8555,-6.7227,1.3477,27370,0
0.7578,-0.2109,-1.8711,27243,0
-18.3125,7.0273,2.7656,27401,0
2.3320,-3.1562,-1.9102,27295,0
-14.1797,7.4883,1.5781,27303,0
-18.5508,-2.3555,3.3398,27369,0
-9.6172,6.9883,0.2344,27261,0
-21.4531,0.8984,3.6445,27395,0
-0.1992,-6.6484,-0.9883,27260,0
-5.3672,5.3047,-0.9141,27374,0
-4.1836,-7.1406,0.1211,27312,0
-1.8086,2.6211,-1.6016,27286,0
-20.9219,5.8789,3.3789,27364,0
0.9492,-0.4805,-1.8711,27269,0
-17.9336,7.1445,2.6484,27399,0
-14.6836,-4.8477,2.6484,27399,0
2.3672,-3.3516,-1.8711,27290,0
-18.8906,-2.0117,3.4141,27379,0
1.9453,-5.5039,-1.5664,27320,0
-9.1953,6.8359,0.1602,27288,0
-0.5039,-6.7227,-0.8750,27399,0
-4.9492,4.9922,-0.9883,27263,0
-22.1914,4.0391,3.7617,27408,0
-1.4609,2.3555,-1.6406,27293,0
-20.6875,6.0312,3.3398,27347,0
-9.9336,-6.4570,1.6133,27340,0
1.1055,-0.7109,-1.8672,27280,0
-15.1367,-4.6172,2.6875,27395,0
2.4062,-3.5820,-1.8711,27248,0
-13.3789,7.5273,1.3086,27404,0
1.8320,-5.6523,-1.6016,27294,0
-8.7773,6.6836,0.0820,27320,0
-21.6914,1.4727,3.7227,27355,0
-0.8477,-6.7188,-0.7969,27243,0
-22.1523,4.2305,3.7617,27407,0
-5.1016,-7.0352,0.3516,27261,0
-1.1953,2.0898,-1.7188,27261,0
-10.4258,-6.3398,1.7305,27391,0
1.2188,-0.9414,-1.9062,27301,0
-17.2031,7.1797,2.4180,27291,0
-15.5547,-4.3867,2.7656,27357,0
-12.9570,7.4883,1.1562,27242,0
-19.5430,-1.3984,3.4531,27393,0
1.6797,-5.7656,-1.5273,27262,0
-21.7695,1.7422,3.7617,27364,0
-1.1562,-6.7617,-0.7227,27299,0
-4.2578,4.5781,-1.1445,27261,0
-5.6367,-7.0352,0.5039,27379,0
-0.9258,1.7422,-1.7188,27239,0
-20.1953,6.2617,3.1875,27380,0
-10.9219,-6.1875,1.8438,27279,0
-16.7070,7.2188,2.3438,27316,0
-16.0938,-4.0820,2.8398,27300,0
2.4453,-4.0781,-1.8320,27266,0
-19.9219,-1.0547,3.5312,27363,0
1.4883,-5.9570,-1.4883,27239,0
-7.8984,6.4531,-0.2617,27381,0
-21.9180,2.0859,3.7617,27277,0
-3.7617,4.2656,-1.2188,27277,0
-21.9570,4.7695,3.6445,27302,0
-6.3281,-6.9961,0.7344,27334,0
-19.8164,6.4531,3.0703,27243,0
-11.7266,-5.9570,2.0742,27384,0
1.7188,-1.7461,-1.9102,27230,0
-16.7812,-3.6211,3.0312,27373,0
2.4062,-4.3125,-1.7578,27292,0
-11.7266,7.2578,0.8086,27268,0
-20.4258,-0.5195,3.5312,27357,0
-7.2461,6.1836,-0.4141,27237,0
-22.0703,2.5859,3.7617,27387,0
-2.2656,-6.9922,-0.3789,27270,0
-21.7305,5.0352,3.5703,27358,0
-7.1719,-6.8789,0.9648,27338,0
-0.0430,0.7461,-1.8320,27274,0
-19.3555,6.6836,2.9180,27388,0
1.9844,-2.2422,-1.9102,27256,0
-15.4062,7.3711,1.9609,27397,0
-17.5117,-3.1602,3.1875,27397,0
-10.9648,7.1055,0.6172,27333,0
-20.8477,0.0547,3.6445,27333,0
0.7227,-6.3047,-1.2578,27351,0
-6.5586,5.8008,-0.6445,27275,0
-2.9961,-7.0312,-0.1484,27408,0
-2.6484,3.3555,-1.4102,27271,0
-21.4570,5.3438,3.5312,27399,0
0.3750,0.2461,-1.8320,27340,0
-18.8164,6.7969,2.8008,27321,0
-13.4141,-5.3438,2.3828,27364,0
-14.7539,7.4102,1.7305,27302,0
-18.0898,-2.7031,3.2227,27408,0
2.2539,-5.0039,-1.6797,27290,0
-10.1562,6.9883,0.4258,27412,0
0.1836,-6.4531,-1.0664,27315,0
-5.8281,5.4570,-0.7969,27310,0
-22.2266,3.5820,3.7227,27385,0
-2.0742,2.8555,-1.5273,27266,0
-21.0391,5.7266,3.4141,27422,0
-9.0117,-6.5703,1.4219,27275,0
0.7969,-0.3281,-1.8281,27363,0
-14.4102,-4.8867,2.5742,27348,0
2.2930,-3.2734,-1.9102,27262,0
-13.9453,7.4102,1.4219,27262,0
1.9844,-5.3828,-1.6406,27391,0
-9.3516,6.7969,0.1992,27240,0
-21.5312,1.2070,3.7227,27406,0
-0.4648,-6.6133,-0.8750,27290,0
-22.1484,4.0781,3.7227,27307,0
-4.7188,-7.0312,0.2734,27337,0
-1.4609,2.2734,-1.6406,27244,0
-10.0430,-6.3398,1.6523,27409,0
1.1445,-0.9023,-1.8711,27254,0
-17.3594,7.0664,2.4570,27371,0
2.4453,-3.7734,-1.8320,27330,0
-13.0742,7.3359,1.1953,27281,0
-19.4648,-1.5156,3.4531,27368,0
1.7188,-5.6914,-1.5664,27262,0
-21.7695,1.7422,3.7227,27386,0
-1.1953,-6.7617,-0.6445,27265,0
-4.2188,4.5430,-1.1055,27348,0
-5.7148,-6.9570,0.5039,27325,0
-0.8477,1.6641,-1.7227,27268,0
-20.1211,6.3750,3.1484,27355,0
-11.1211,-6.1133,1.8828,27355,0
-16.5547,7.2188,2.2656,27254,0
-16.3242,-3.9297,2.9570,27375,0
2.4453,-4.1562,-1.7930,27278,0
-20.0820,-0.8633,3.6055,27344,0
1.3711,-5.9531,-1.4492,27311,0
-7.7031,6.2227,-0.3008,27267,0
-21.9570,2.2383,3.7617,27382,0
-3.5703,4.0820,-1.2578,27252,0
-21.8750,4.9219,3.6445,27392,0
-6.6719,-6.8359,0.7734,27282,0
-19.6211,6.5312,3.0312,27332,0
-12.1133,-5.8047,2.1523,27345,0
1.7930,-1.9375,-1.9883,27248,0
-17.0898,-3.4297,3.0312,27428,0
2.4062,-4.5430,-1.7188,27254,0
-11.3828,7.1445,0.7344,27399,0
-20.6523,-0.2500,3.6445,27320,0
-6.8984,5.9570,-0.5312,27290,0
-22.0703,2.8516,3.7969,27382,0
-2.6133,-6.9180,-0.2227,27382,0
-21.5742,5.2266,3.6055,27415,0
-7.6289,-6.7617,1.1172,27415,0
0.1836,0.4375,-1.8320,27287,0
-19.0781,6.6836,2.9180,27363,0
2.1016,-2.5078,-1.9492,27351,0
-15.0234,7.4102,1.7695,27272,0
-17.8594,-2.8945,3.1484,27400,0
-10.5039,6.9883,0.4648,27292,0
-21.1133,0.4023,3.6445,27395,0
0.4141,-6.4570,-1.1445,27305,0
-22.1914,3.3906,3.7617,27330,0
-3.4922,-6.9961,-0.0312,27339,0
-2.3047,3.0000,-1.5273,27270,0
-21.1875,5.5703,3.4531,27393,0
0.6445,-0.1367,-1.8672,27261,0
-18.3164,6.8750,2.7266,27370,0
-14.1055,-5.0000,2.5742,27300,0
-14.1445,7.4492,1.5391,27302,0
-18.5859,-2.2422,3.3008,27336,0
2.0234,-5.3086,-1.6406,27251,0
-9.5078,6.7969,0.1992,27373,0
-0.3125,-6.6133,-0.9141,27262,0
-5.1836,5.0352,-0.9883,27262,0
-22.1523,3.9258,3.6836,27367,0
-1.5781,2.3555,-1.6406,27300,0
-20.6875,5.9570,3.3008,27276,0
-9.9648,-6.3398,1.6523,27363,0
1.1055,-0.7852,-1.8672,27242,0
-15.2539,-4.4648,2.8008,27407,0
2.4062,-3.6602,-1.8320,27234,0
-13.1445,7.3711,1.1953,27344,0
1.6797,-5.6914,-1.6016,27334,0
-8.4727,6.5664,-0.1094,27237,0
-21.7305,1.7422,3.6445,27385,0
-4.2188,4.4648,-1.1797,27232,0
-22.0703,4.5391,3.6445,27360,0
-5.7891,-6.9531,0.5820,27273,0
-0.7734,1.4727,-1.7227,27289,0
-11.3047,-5.9961,1.9609,27349,0
1.5625,-1.5156,-1.9062,27233,0
-16.3594,7.2188,2.2656,27395,0
2.4062,-4.2383,-1.7188,27262,0
-11.9922,7.2578,0.8477,27356,0
-20.2656,-0.6328,3.6055,27313,0
1.2188,-6.0703,-1.4102,27313,0
-22.0703,2.5078,3.7227,27261,0
-2.1914,-6.9531,-0.3789,27364,0
-3.2617,3.8047,-1.3711,27250,0
-7.1719,-6.8398,0.9648,27415,0
-0.0078,0.5938,-1.8320,27286,0
-19.3164,6.6836,2.9180,27355,0
-12.6914,-5.5742,2.3047,27343,0
-15.2891,7.3711,1.8438,27290,0
-17.6289,-3.0078,3.1875,27370,0
2.3320,-4.7656,-1.6797,27269,0
-21.0000,0.2852,3.6836,27412,0
0.5664,-6.4141,-1.1445,27291,0
-6.2500,5.6875,-0.7227,27337,0
-3.3008,-7.0312,-0.0703,27339,0
-2.4180,3.1211,-1.4883,27257,0
-21.2656,5.5703,3.3789,27365,0
-8.5469,-6.6484,1.3086,27242,0
-18.4297,6.8359,2.7266,27384,0
-14.0234,-5.0391,2.5742,27264,0
2.2148,-3.1562,-1.9102,27264,0
-18.5508,-2.2812,3.3008,27333,0
2.0625,-5.2656,-1.6406,27333,0
-9.5781,6.9141,0.1992,27212,0
-21.4922,1.0898,3.7227,27379,0
-5.1836,5.1523,-0.9531,27222,0
-22.1914,4.0781,3.7617,27340,0
-4.5664,-7.0703,0.2734,27277,0
-20.6914,5.9922,3.3008,27241,0
-9.9336,-6.3789,1.5781,27350,0
1.1445,-0.8633,-1.8711,27208,0
-17.4414,7.0664,2.4570,27386,0
2.3672,-3.8125,-1.8711,27254,0
-13.1406,7.4102,1.1172,27309,0
-19.4297,-1.4766,3.4531,27327,0
-8.3906,6.6055,-0.1094,27246,0
-21.8047,1.8164,3.7617,27376,0
-1.2695,-6.8008,-0.6445,27255,0
-22.0312,4.6523,3.7227,27372,0
-5.8672,-6.9961,0.6172,27289,0
-0.6953,1.5117,-1.6836,27296,0
-20.0039,6.4141,3.1094,27326,0
1.6016,-1.6289,-1.8711,27249,0
-16.3203,7.2188,2.1523,27249,0
-16.5547,-3.7734,2.9570,27382,0
-11.9258,7.2578,0.7734,27267,0
-20.3047,-0.6328,3.5703,27374,0
1.1797,-6.1484,-1.3711,27306,0
-7.3633,6.1484,-0.4531,27308,0
-2.2656,-6.9141,-0.3398,27359,0
-3.2617,3.8477,-1.3359,27245,0
-21.7266,5.1523,3.5312,27400,0
-0.0430,0.6680,-1.7930,27281,0
-19.2383,6.7227,2.9570,27343,0
-12.7227,-5.6133,2.2656,27314,0
-15.2500,7.3711,1.8438,27288,0
-17.6250,-3.0469,3.1875,27363,0
2.2930,-4.8477,-1.6797,27227,0
-10.6602,6.9883,0.4648,27396,0
0.4531,-6.4570,-1.1445,27229,0
-6.2109,5.5703,-0.7617,27291,0
-22.2266,3.3516,3.7617,27316,0
-2.3438,3.0430,-1.4883,27231,0
-21.2305,5.6484,3.4141,27389,0
-8.6680,-6.5703,1.3867,27389,0
0.6445,-0.1367,-1.7891,27217,0
-14.1797,-4.9609,2.5742,27378,0
2.2930,-3.1992,-1.9102,27293,0
-14.0664,7.4883,1.5000,27278,0
1.9844,-5.4258,-1.6406,27364,0
-9.3164,6.7969,0.1211,27218,0
-21.5352,1.1680,3.6836,27370,0
-0.5430,-6.6875,-0.8750,27259,0
-22.1523,4.1562,3.6836,27347,0
-4.9102,-6.9961,0.3516,27292,0
-1.3086,2.0898,-1.6797,27247,0
-10.3828,-6.2656,1.7695,27361,0
1.2578,-1.0547,-1.8281,27231,0
-17.0547,7.1797,2.3438,27391,0
2.3672,-3.9648,-1.7578,27269,0
-12.6484,7.4102,1.0039,27323,0
-19.7734,-1.1328,3.5312,27317,0
1.5273,-5.9219,-1.4492,27253,0
-21.9531,2.1250,3.6836,27383,0
-1.7305,-6.8789,-0.4531,27237,0
-3.6836,4.1602,-1.2969,27237,0
-6.5938,-6.8789,0.8086,27392,0
-0.3125,0.9766,-1.7930,27294,0
-19.5781,6.6055,2.9922,27317,0
-12.2305,-5.7266,2.2266,27364,0
-15.5547,7.3711,1.9219,27256,0
-17.3242,-3.2383,3.1094,27417,0
2.3672,-4.7344,-1.6406,27280,0
-20.8828,0.0547,3.7227,27408,0
0.6445,-6.3359,-1.1797,27326,0
-6.4414,5.6484,-0.7227,27300,0
-22.1523,3.1602,3.7227,27407,0
-2.4570,3.1562,-1.5664,27258,0
-21.2656,5.5703,3.3398,27434,0
-8.5508,-6.6484,1.3867,27287,0
-18.3516,7.0273,2.6484,27369,0
-14.1406,-5.0000,2.6094,27350,0
2.2539,-3.2344,-1.8320,27268,0
-18.6953,-2.0898,3.3789,27417,0
1.9453,-5.4609,-1.5273,27254,0
-9.1953,6.7578,0.0820,27407,0
-21.5703,1.2812,3.7227,27305,0
-4.7969,4.8047,-1.1445,27301,0
-22.1484,4.1914,3.6445,27301,0
-5.1797,-7.0312,0.5039,27358,0
-20.3086,6.2227,3.1094,27253,0
-10.7383,-6.2266,1.8828,27379,0
1.4102,-1.3984,-1.8672,27235,0
-16.7070,7.2188,2.2266,27359,0
2.4453,-4.1562,-1.7188,27291,0
-12.1875,7.3359,0.8086,27258,0
-20.1211,-0.7852,3.6055,27348,0
-7.4805,6.2227,-0.4141,27241,0
-22.0352,2.5078,3.7617,27371,0
-2.2656,-6.9141,-0.2617,27254,0
-21.6523,5.1523,3.4922,27342,0
-7.3242,-6.8008,1.0391,27299,0
0.0312,0.4766,-1.8320,27245,0
-19.1172,6.7578,2.8398,27385,0
2.0625,-2.6680,-1.9102,27219,0
-14.9102,7.4492,1.6523,27382,0
-17.9688,-2.7773,3.3008,27273,0
-10.1172,6.9531,0.2734,27297,0
-21.2695,0.7070,3.6836,27343,0
0.0703,-6.5312,-0.9531,27343,0
-5.5664,5.3047,-0.9141,27222,0
-4.2188,-7.0312,0.2344,27378,0
-1.7695,2.4727,-1.6406,27233,0
-20.7305,5.9570,3.2227,27368,0
1.0664,-0.8242,-1.8320,27288,0
-17.4023,7.1445,2.3828,27254,0
-15.4102,-4.3867,2.8008,27337,0
2.4062,-3.8945,-1.7578,27208,0
-19.6172,-1.2461,3.5312,27386,0
1.5273,-5.8867,-1.4492,27219,0
-8.0508,6.4141,-0.3008,27309,0
-1.6914,-6.8750,-0.3789,27297,0
-3.7227,4.1602,-1.3359,27228,0
-21.8398,4.9219,3.5703,27354,0
-0.2734,0.8594,-1.7930,27208,0
-19.4297,6.6445,2.8789,27350,0
-12.4570,-5.6523,2.3047,27246,0
1.9453,-2.3203,-1.9102,27271,0
-17.5898,-3.0078,3.1875,27310,0
2.2539,-4.8477,-1.6406,27199,0
-10.5781,7.0664,0.3516,27199,0
0.3008,-6.4570,-0.9883,27342,0
-5.9453,5.4570,-0.8750,27209,0
-22.1914,3.5820,3.6836,27333,0
-3.8750,-7.0312,0.1992,27248,0
-20.9219,5.8398,3.2617,27244,0
-9.4336,-6.4570,1.6133,27315,0
0.9492,-0.7109,-1.8672,27209,0
-15.0938,-4.5391,2.8008,27384,0
2.3320,-3.6992,-1.7930,27226,0
-13.1133,7.4102,1.0391,27311,0
-19.4648,-1.3984,3.4922,27300,0
-8.2461,6.5312,-0.2227,27223,0
-21.8398,2.0469,3.6836,27346,0
-1.5781,-6.8750,-0.4141,27190,0
-21.8750,4.8828,3.5703,27382,0
-6.5938,-6.8789,0.9258,27291,0
-0.3125,0.8984,-1.7891,27382,0
-12.3359,-5.6914,2.3047,27528,0
1.8711,-2.2852,-1.8711,27355,0
-15.3281,7.3359,1.8438,27419,0
-17.5469,-3.0078,3.2617,27266,0
-10.5391,7.0664,0.3516,27266,0
-21.0703,0.4766,3.6445,27428,0
0.2617,-6.4531,-1.0273,27296,0
-22.1875,3.6172,3.6836,27215,0
-3.9531,-7.0312,0.1992,27239,0
-1.9219,2.5859,-1.6406,27039,0
-20.8477,5.9180,3.2227,27290,0
0.9883,-0.7500,-1.8320,27207,0
-17.5117,7.1445,2.3828,27284,0
-15.2500,-4.4648,2.8398,27286,0
-12.9531,7.4102,1.0039,27210,0
-19.6172,-1.2461,3.5312,27353,0
1.4883,-5.9258,-1.4102,27289,0
-21.8750,2.1992,3.7227,27397,0
-1.8086,-6.9141,-0.4141,27227,0
-3.6094,4.0781,-1.3711,27229,0
-21.8086,5.0352,3.4922,27343,0
-0.1602,0.6680,-1.7930,27263,0
-19.2734,6.7227,2.8008,27417,0
-12.7578,-5.5352,2.3828,27417,0
-14.9883,7.4492,1.6523,27395,0
-17.8594,-2.7773,3.3008,27395,0
2.2148,-5.0430,-1.5664,27363,0
-10.1172,6.9531,0.2734,27401,0
-0.0430,-6.5352,-0.8750,27469,0
-5.4883,5.2266,-0.9883,27263,0
-22.1094,3.8867,3.6836,27365,0
-1.6523,2.2734,-1.6797,27252,0
-20.5430,6.0312,3.1094,27327,0
-10.1211,-6.3398,1.7695,27292,0
1.1797,-1.1328,-1.8672,27178,0
-15.7930,-4.1562,2.9180,27327,0
2.3672,-4.1602,-1.7578,27192,0
-12.4570,7.4102,0.8086,27379,0
1.2969,-6.0703,-1.2969,27327,0
-7.5547,6.2617,-0.4922,27313,0
-21.9961,2.5859,3.7227,27436,0
-3.2227,3.8047,-1.4102,27341,0
-21.6914,5.2656,3.4531,27517,0
-7.5195,-6.8398,1.1562,27361,0
0.1484,0.2852,-1.8320,27424,0
-13.3750,-5.3438,2.5352,27380,0
2.1367,-2.9727,-1.8711,27380,0
-14.4844,7.5625,1.4609,27313,0
2.0625,-5.3828,-1.5273,27447,0
-9.5820,6.8750,0.0820,27280,0
-21.4219,1.1680,3.7227,27420,0
-0.5039,-6.6484,-0.7227,27286,0
-22.0703,4.3086,3.6445,27290,0
-5.1797,-7.0312,0.5039,27334,0
-1.1953,1.8555,-1.7188,27205,0
-10.9609,-6.1484,1.9961,27361,0
1.4883,-1.6289,-1.8711,27248,0
-16.3594,7.2578,2.0742,27395,0
-16.5156,-3.7734,3.0703,27372,0
-11.6484,7.2578,0.5820,27270,0
-20.4648,-0.3672,3.6055,27327,0
0.9141,-6.3359,-1.1797,27189,0
-22.1094,3.0820,3.6836,27350,0
-2.9570,-7.1094,-0.0312,27260,0
-2.6133,3.3516,-1.5273,27350,0
-8.4727,-6.6875,1.4219,27362,0
0.6055,-0.1758,-1.8281,27328,0
-18.3164,7.1055,2.5742,27460,0
-14.3008,-4.9609,2.6875,27460,0
-13.7617,7.5273,1.2695,27327,0
-18.9336,-1.8984,3.4922,27461,0
1.8320,-5.7266,-1.4883,27330,0
-21.6914,1.6641,3.6836,27343,0
-1.1953,-6.8789,-0.5312,27361,0
-4.2188,4.5039,-1.2969,27237,0
-21.9961,4.6914,3.5703,27410,0
-0.6211,1.2422,-1.7891,27250,0
-19.7383,6.6055,2.9570,27323,0
-11.9531,-5.8438,2.2266,27280,0
-15.6367,7.4492,1.8438,27200,0
-17.3242,-3.1992,3.2227,27330,0
2.2930,-4.8828,-1.6016,27222,0
-20.9648,0.3242,3.6836,27408,0
0.4141,-6.4961,-1.0273,27308,0
-6.0547,5.5352,-0.8750,27345,0
-22.1914,3.5430,3.6445,27402,0
-2.0352,2.6602,-1.6016,27317,0
-20.8867,5.8789,3.1875,27440,0
-9.4727,-6.4570,1.6914,27440,0
-17.5469,7.1445,2.3828,27376,0
-15.2148,-4.4258,2.8398,27376,0
2.3672,-3.8516,-1.7930,27305,0
-12.9531,7.4492,1.0391,27244,0
1.5273,-5.9258,-1.4102,27337,0
-8.0078,6.4922,-0.3008,27187,0
-21.8789,2.1992,3.6836,27332,0
-3.6445,4.0391,-1.3711,27233,0
-21.8086,4.9961,3.4922,27285,0
-6.9414,-6.8789,1.0039,27293,0
-0.1211,0.6289,-1.8320,27261,0
-12.7578,-5.5352,2.4180,27386,0
2.0234,-2.6250,-1.8711,27290,0
-15.0234,7.3711,1.6523,27454,0
2.1758,-5.1172,-1.5664,27339,0
-10.1562,6.9531,0.2344,27356,0
-21.2305,0.8203,3.7969,27345,0
-5.4492,5.3047,-0.9531,27259,0
-22.1484,4.0391,3.7227,27360,0
-4.5273,-7.1133,0.3125,27217,0
-1.5781,2.4727,-1.6797,27217,0
-10.0820,-6.4961,1.6523,27261,0
1.1797,-1.3242,-1.8320,27261,0
-17.1250,7.2578,2.1914,27243,0
2.3672,-4.3164,-1.6797,27333,0
-12.5312,7.3359,0.8477,27198,0
-19.9258,-0.9414,3.6055,27403,0
1.3359,-6.1484,-1.2969,27283,0
-21.9922,2.5078,3.6836,27392,0
-2.1523,-7.0703,-0.2227,27354,0
-3.3008,3.9258,-1.3711,27295,0
-7.3633,-6.8789,1.0781,27423,0
0.1484,0.5156,-1.7891,27216,0
-19.0781,7.1445,2.6875,27355,0
-13.1797,-5.4219,2.3828,27239,0
-14.6797,7.5625,1.5000,27253,0
-18.2734,-2.5508,3.3789,27319,0
2.1367,-5.4648,-1.4492,27223,0
-21.4219,1.0117,3.7227,27396,0
-0.4297,-6.7617,-0.7227,27241,0
-4.9883,4.9961,-1.1445,27361,0
-5.0625,-7.1133,0.5039,27348,0
-1.1562,1.8516,-1.7188,27291,0
-20.2656,6.4922,3.0312,27291,0
-11.0039,-6.1133,1.9961,27412,0
-16.3633,7.4883,2.0352,27277,0
-16.6367,-3.6602,3.0312,27404,0
2.4062,-4.6953,-1.6016,27283,0
-20.6523,-0.1758,3.6836,27309,0
0.8359,-6.4922,-1.1055,27310,0
-6.5586,5.7266,-0.7969,27247,0
-22.1875,3.2734,3.6445,27386,0
-2.2656,2.9727,-1.6016,27278,0
-21.1484,5.8398,3.2227,27383,0
-9.0117,-6.5312,1.5781,27329,0
-17.8203,7.2188,2.3828,27324,0
-15.0234,-4.4648,2.9180,27366,0
2.4062,-3.8555,-1.6797,27271,0
-19.6211,-1.1328,3.5703,27425,0
1.5625,-5.9922,-1.2969,27271,0
-7.9023,6.4141,-0.4141,27354,0
-21.9922,2.4297,3.6055,27295,0
-3.3008,3.7773,-1.4492,27248,0
-21.7305,5.2656,3.3008,27366,0
-7.4375,-6.8008,1.1953,27366,0
-18.8906,6.9531,2.5352,27226,0
-13.5273,-5.1914,2.6094,27417,0
2.2148,-3.2734,-1.7578,27299,0
-14.2617,7.5273,1.3086,27331,0
1.9453,-5.5703,-1.3711,27369,0
-9.0898,6.7578,-0.0703,27247,0
-21.6523,1.6641,3.7617,27401,0
-4.3750,4.5781,-1.2578,27275,0
-22.0312,4.7695,3.5703,27380,0
-6.0586,-6.9180,0.8086,27326,0
-0.5820,1.0508,-1.7617,27284,0
-12.1484,-5.6914,2.2656,27383,0
1.8711,-2.5469,-1.8320,27232,0
-15.3672,7.3711,1.6133,27417,0
2.2539,-5.2266,-1.4883,27288,0
-10.3477,6.9883,0.1211,27333,0
-21.2266,0.8203,3.6445,27371,0
-5.3672,5.1133,-1.0664,27253,0
-22.1875,4.1914,3.6055,27403,0
-4.7578,-7.0352,0.5430,27236,0
-1.3086,1.9297,-1.6406,27236,0
-10.8477,-6.0352,1.9961,27296,0
1.5273,-1.6289,-1.7578,27296,0
-16.4023,7.4102,1.9609,27263,0
2.3320,-4.7344,-1.5273,27375,0
-11.4258,7.1797,0.4648,27244,0
-20.6875,0.0195,3.6836,27397,0
0.6445,-6.4961,-0.9883,27279,0
-22.1094,3.3906,3.6055,27337,0
-3.6094,-7.0312,0.2344,27322,0
-2.1523,2.6562,-1.6406,27259,0
-9.4336,-6.3789,1.7695,27408,0
0.9883,-0.9414,-1.7891,27248,0
-17.3984,7.2188,2.1914,27405,0
-15.4844,-4.1953,2.9570,27311,0
-12.5352,7.4883,0.7344,27306,0
-19.9648,-0.7109,3.5703,27361,0
1.2578,-6.1875,-1.2188,27269,0
-22.0312,2.8125,3.6836,27426,0
-2.6484,-6.9961,0.0078,27278,0
-2.8789,3.2773,-1.4883,27385,0
-8.2812,-6.5703,1.5000,27355,0
0.4922,-0.3672,-1.7930,27261,0
-18.2734,7.0273,2.4180,27261,0
-14.3008,-4.6953,2.8008,27394,0
-13.5273,7.4492,1.0391,27248,0
-19.1992,-1.3984,3.5703,27396,0
1.6016,-5.8438,-1.3359,27280,0
-21.8750,2.2773,3.6445,27323,0
-1.7695,-6.8789,-0.2227,27347,0
-3.5703,3.8867,-1.4102,27241,0
-21.7305,5.1875,3.3789,27422,0
-0.0078,0.2461,-1.8320,27264,0
-18.8906,6.9141,2.5352,27369,0
-13.3359,-5.1914,2.6094,27315,0
-14.2969,7.4102,1.3086,27276,0
-18.5469,-2.0508,3.5703,27376,0
1.8320,-5.5703,-1.4102,27225,0
-21.6094,1.7422,3.6836,27399,0
-1.1953,-6.7617,-0.4141,27271,0
-4.1836,4.3828,-1.3359,27305,0
-21.8789,4.9609,3.4922,27337,0
-0.3516,0.6680,-1.7578,27245,0
-19.3906,6.7227,2.8008,27393,0
-12.6914,-5.3828,2.5352,27393,0
-14.7539,7.4883,1.3867,27251,0
-18.0898,-2.3555,3.3008,27381,0
2.0234,-5.5039,-1.4102,27317,0
-9.5469,6.8750,-0.0703,27291,0
-0.8125,-6.8398,-0.4531,27365,0
-4.6055,4.5000,-1.2969,27234,0
-21.9570,4.4219,3.5703,27379,0
-0.6562,1.1680,-1.8672,27273,0
-19.5820,6.7227,2.6875,27307,0
-12.1875,-5.6523,2.3047,27329,0
1.8320,-2.6289,-1.7578,27253,0
-17.8242,-2.6250,3.4531,27384,0
2.1016,-5.3086,-1.3711,27261,0
-9.8555,6.9531,-0.0703,27395,0
-0.5820,-6.7617,-0.5312,27310,0
-4.8711,4.8438,-1.3359,27274,0
-22.0352,4.5000,3.4922,27374,0
-0.8125,1.1289,-1.7578,27249,0
-19.8125,6.4922,2.8008,27396,0
-11.9570,-5.6914,2.4570,27267,0
1.7930,-2.4297,-1.7930,27267,0
-17.6289,-2.7422,3.2617,27318,0
2.1758,-5.3047,-1.4102,27324,0
-10.0000,7.1055,-0.0312,27236,0
-0.4297,-6.8008,-0.5312,27395,0
-4.9492,4.8047,-1.2578,27248,0
-22.0703,4.4219,3.5703,27367,0
-5.5625,-6.9531,0.8086,27298,0
-19.8164,6.6445,2.6875,27284,0
-11.9258,-5.7266,2.3047,27339,0
1.7930,-2.5469,-1.7188,27229,0
-17.6250,-2.7422,3.4141,27402,0
2.1367,-5.3086,-1.3711,27248,0
-10.0039,7.0273,-0.0312,27315,0
-21.3047,1.1289,3.7227,27323,0
-4.9453,4.8438,-1.2578,27230,0
-22.0312,4.4219,3.4922,27386,0
-5.5625,-6.9922,0.8086,27245,0
-19.8125,6.5664,2.7266,27376,0
-11.9219,-5.7266,2.3828,27288,0
1.8320,-2.4727,-1.7578,27267,0
-17.6680,-2.7031,3.3398,27362,0
2.1367,-5.3086,-1.3711,27362,0
-10.0000,7.1055,-0.0312,27216,0
-21.3477,1.2070,3.7227,27373,0
-4.9062,4.7695,-1.2969,27253,0
-22.0352,4.4609,3.5312,27310,0
-5.6758,-6.9531,0.8477,27298,0
-19.7383,6.6055,2.7266,27245,0
-11.9961,-5.6914,2.3828,27376,0
1.7930,-2.6289,-1.7930,27229,0
-15.2109,7.4883,1.5000,27382,0
2.0625,-5.2695,-1.3711,27291,0
-9.8555,7.0273,-0.0703,27262,0
-21.3086,1.2422,3.7227,27358,0
-4.8320,4.7695,-1.3359,27244,0
-22.0312,4.5781,3.5703,27385,0
-5.7891,-6.9922,0.8867,27259,0
-19.6562,6.6445,2.7266,27314,0
-12.1094,-5.6523,2.3828,27328,0
1.8320,-2.6680,-1.7930,27246,0
-15.1719,7.5273,1.4219,27246,0
2.0625,-5.3828,-1.3711,27256,0
-9.7734,6.9531,-0.0703,27360,0
-21.3828,1.2422,3.7227,27360,0
-4.7578,4.7695,-1.3359,27311,0
-21.9961,4.6133,3.5312,27270,0
-5.7891,-6.9922,0.8867,27355,0
-0.6953,1.0898,-1.7188,27242,0
-12.1914,-5.6523,2.4180,27392,0
1.8711,-2.6680,-1.7578,27264,0
-15.1719,7.5273,1.4219,27315,0
2.1016,-5.3828,-1.3711,27337,0
-9.8125,6.9531,-0.1094,27234,0
-21.3477,1.2070,3.7227,27383,0
-0.6211,-6.7617,-0.4922,27269,0
-22.0312,4.5391,3.5703,27376,0
-5.8281,-6.9531,0.8867,27292,0
-0.6953,1.0898,-1.7930,27265,0
-12.1523,-5.6914,2.4180,27389,0
-15.1758,7.5273,1.4609,27225,0
-17.8594,-2.6641,3.4141,27378,0
2.1016,-5.3438,-1.4102,27277,0
-9.8125,6.9883,-0.1484,27323,0
-21.3867,1.2070,3.7227,27303,0
-0.6211,-6.7617,-0.5312,27303,0
-22.0352,4.5000,3.5312,27250,0
-5.7148,-6.9570,0.8477,27369,0
-0.7344,1.1289,-1.7617,27228,0
-12.1094,-5.6523,2.3828,27382,0
1.8320,-2.5117,-1.7578,27268,0
-15.2109,7.5273,1.5000,27261,0
-17.7852,-2.7031,3.3789,27344,0
-9.8516,7.0273,-0.0312,27220,0
-21.3047,1.1289,3.7617,27354,0
-0.5039,-6.7188,-0.5703,27239,0
-21.9961,4.4219,3.6055,27342,0
-5.5977,-6.9922,0.7734,27301,0
-0.8867,1.2812,-1.7617,27241,0
-19.7773,6.4922,2.8008,27382,0
1.6797,-2.3945,-1.7930,27214,0
-15.4883,7.4492,1.5781,27377,0
-17.5117,-2.8945,3.3789,27276,0
-10.2734,7.1055,0.0430,27269,0
-21.2266,0.9375,3.6836,27333,0
-0.1992,-6.7188,-0.6836,27333,0
-22.1094,4.3828,3.6055,27378,0
-5.1797,-7.0703,0.6562,27378,0
-1.0391,1.5898,-1.7227,27233,0
-20.0391,6.4922,2.9180,27319,0
1.6406,-2.1250,-1.7578,27292,0
-15.7539,7.3711,1.7305,27236,0
-17.2031,-3.1992,3.3398,27363,0
-10.5781,7.0664,0.1602,27236,0
-21.0000,0.5547,3.7617,27381,0
0.0312,-6.6094,-0.7617,27274,0
-5.6367,5.3047,-1.1055,27296,0
-4.6406,-7.1094,0.5430,27344,0
-1.3867,1.9297,-1.7188,27220,0
-20.3086,6.3750,2.9570,27387,0
1.4492,-1.7461,-1.7891,27256,0
-16.2930,7.4492,1.8438,27335,0
-16.7422,-3.5078,3.1484,27305,0
-11.1484,7.2188,0.3125,27252,0
-20.8047,0.2109,3.7227,27357,0
0.4922,-6.5352,-0.9141,27240,0
-6.0977,5.5352,-0.9531,27240,0
-3.9531,-7.0742,0.4258,27291,0
-1.8086,2.4297,-1.6406,27291,0
-20.6914,5.9922,3.1094,27308,0
1.1797,-1.2461,-1.7891,27350,0
-16.9375,7.2578,2.1133,27265,0
-16.0547,-3.8906,3.0703,27394,0
2.3672,-4.3828,-1.6406,27264,0
-20.3867,-0.3281,3.6055,27377,0
0.9492,-6.3750,-1.1445,27304,0
-6.8594,5.9922,-0.7617,27281,0
-3.1484,-7.1406,0.0820,27373,0
-2.3828,2.9297,-1.5664,27230,0
-21.1094,5.7266,3.2227,27406,0
-9.0117,-6.5312,1.6523,27285,0
-17.7070,7.1797,2.2656,27334,0
-15.0234,-4.4648,2.9180,27329,0
2.3320,-3.9648,-1.6797,27262,0
-19.6953,-1.0156,3.6445,27396,0
1.4102,-6.0703,-1.2578,27248,0
-7.7070,6.4141,-0.5312,27385,0
-2.2266,-7.0742,-0.1836,27306,0
-3.1484,3.6562,-1.4883,27295,0
-21.5742,5.3789,3.3398,27366,0
-7.7852,-6.7617,1.3086,27366,0
-18.6289,6.9883,2.4961,27238,0
-13.8750,-5.0391,2.6875,27397,0
2.2148,-3.4297,-1.7578,27246,0
-18.8555,-1.8203,3.4922,27358,0
1.8320,-5.7266,-1.3711,27327,0
-8.7461,6.6836,-0.2227,27245,0
-21.7695,1.8945,3.7617,27390,0
-4.0273,4.3867,-1.2969,27245,0
-21.9531,4.9219,3.5312,27379,0
-6.4805,-6.9570,0.8867,27303,0
-19.4609,6.7969,2.7656,27300,0
-12.5312,-5.6523,2.3828,27355,0
1.9844,-2.6641,-1.7578,27242,0
-15.0664,7.4883,1.5781,27412,0
2.2148,-5.2266,-1.4883,27282,0
-10.0039,7.0273,0.0820,27348,0
-21.3477,0.9375,3.7227,27336,0
-5.1797,5.0352,-1.1055,27270,0
-22.1484,4.1914,3.6445,27368,0
-4.9883,-7.0352,0.5430,27368,0
-20.2656,6.3750,3.0312,27375,0
-10.9648,-6.1133,1.9961,27375,0
1.4883,-1.6289,-1.7188,27279,0
-16.3633,7.3711,1.9961,27312,0
2.3672,-4.6602,-1.6016,27340,0
-11.4219,7.2578,0.5039,27265,0
-20.6484,-0.1367,3.6836,27383,0
-6.5156,5.8008,-0.7969,27261,0
-22.1914,3.3125,3.6836,27383,0
-3.3398,-7.1094,0.0430,27295,0
-2.3047,2.9688,-1.5664,27302,0
-8.9688,-6.5703,1.5781,27378,0
0.8359,-0.6719,-1.7891,27249,0
-17.8633,7.1445,2.3828,27409,0
2.3320,-3.8555,-1.7188,27275,0
-13.1836,7.4883,0.9648,27347,0
-19.4336,-1.3633,3.6055,27309,0
1.5625,-5.9258,-1.3359,27273,0
-21.8789,2.1641,3.7617,27375,0
-1.7695,-6.9570,-0.3398,27249,0
-3.6094,4.1172,-1.4102,27249,0
-6.9023,-6.8789,1.0391,27289,0
-0.1211,0.5938,-1.7578,27289,0
-19.3125,6.8750,2.7656,27307,0
2.0625,-2.7734,-1.7930,27362,0
-14.9062,7.5273,1.5391,27244,0
-18.0117,-2.6250,3.3398,27412,0
2.1758,-5.3477,-1.5273,27262,0
-21.3477,0.9375,3.7227,27388,0
-0.2383,-6.6914,-0.7617,27341,0
-5.3281,5.0352,-1.0664,27287,0
-4.7578,-7.0703,0.5039,27411,0
-1.3477,1.9727,-1.6016,27248,0
-20.5000,6.3750,3.0703,27408,0
-10.6211,-6.1484,1.9219,27306,0
-16.7852,7.4102,2.1523,27328,0
-16.3203,-3.8125,3.0703,27364,0
2.5234,-4.5000,-1.6406,27268,0
-20.3047,-0.4805,3.6836,27420,0
1.1055,-6.3789,-1.1797,27277,0
-6.9805,5.9570,-0.6836,27404,0
-21.9570,2.8516,3.7227,27329,0
-2.8398,3.4258,-1.5664,27314,0
-21.3086,5.6094,3.2227,27314,0
-8.1289,-6.7617,1.3867,27381,0
-18.6641,7.4492,2.3828,27276,0
-13.7227,-5.0000,2.5742,27400,0
2.3320,-3.6602,-1.6406,27280,0
-18.7383,-1.8594,3.5312,27392,0
2.1016,-5.8086,-1.3359,27334,0
-9.0859,6.7578,-0.1836,27275,0
-21.7695,1.6250,3.6055,27410,0
-4.4102,4.5000,-1.2578,27259,0
-22.2578,4.6914,3.4531,27401,0
-5.7148,-7.0742,0.8086,27300,0
-20.0430,6.5664,2.8398,27345,0
-11.6875,-5.8438,2.2656,27365,0
1.9102,-2.1289,-1.7578,27296,0
-15.9414,7.5273,1.8047,27419,0
2.4453,-4.9219,-1.4492,27269,0
-11.0000,7.2578,0.4258,27389,0
-20.8867,0.4023,3.6055,27333,0
-6.1367,5.5352,-0.8359,27306,0
-22.3750,3.5820,3.6445,27401,0
-3.5703,-7.1797,0.2344,27401,0
-21.1875,5.9180,3.1094,27256,0
-9.1562,-6.5312,1.6133,27447,0
1.1055,-0.9023,-1.7617,27283,0
-17.9297,7.2188,2.3438,27360,0
2.5234,-3.8516,-1.6016,27366,0
-13.2227,7.5625,0.9258,27265,0
-19.5781,-1.1680,3.4531,27410,0
-8.1641,6.5312,-0.3008,27265,0
-22.0352,2.3164,3.6836,27414,0
-1.5781,-7.0312,-0.3008,27293,0
-3.6445,4.0391,-1.2578,27310,0
-6.6719,-6.9570,0.9648,27365,0
-0.1211,0.6289,-1.7578,27249,0
-19.5820,6.7969,2.7266,27401,0
2.0625,-2.6289,-1.7188,27289,0
-15.2891,7.5273,1.6523,27358,0
-17.7070,-2.7422,3.2617,27339,0
2.3672,-5.1523,-1.4492,27276,0
-21.3086,0.7852,3.6445,27381,0
0.2227,-6.6484,-0.8359,27259,0
-5.5234,5.2656,-0.9531,27259,0
-4.1836,-7.1406,0.3516,27431,0
-1.9609,2.3555,-1.5664,27320,0
-21.1523,6.1836,3.0703,27339,0
1.4102,-1.1680,-1.7188,27352,0
-17.0586,7.2188,2.1523,27268,0
-15.5586,-4.0820,2.8789,27425,0
2.4062,-4.1172,-1.6406,27286,0
-20.0391,-0.9023,3.5312,27395,0
1.7188,-6.2266,-1.2578,27280,0
-7.4805,6.2227,-0.5312,27303,0
-2.0742,-6.9922,-0.2227,27388,0
-3.4922,3.8828,-1.3711,27248,0
-22.0312,5.3438,3.3789,27393,0
-7.1367,-6.9141,1.1172,27264,0
-19.0078,6.8359,2.6484,27361,0
-13.1797,-5.2695,2.5742,27311,0
2.0234,-2.8945,-1.7188,27268,0
-18.1641,-2.3555,3.2617,27373,0
2.2148,-5.5000,-1.4102,27220,0
-9.5820,6.9141,0.0430,27396,0
-21.4258,1.2812,3.7227,27273,0
-4.9883,4.7695,-1.1445,27301,0
-22.5742,4.4219,3.5312,27301,0
-5.0234,-7.0742,0.5820,27333,0
-20.1562,6.5664,2.8008,27223,0
-11.1523,-5.9961,2.0742,27398,0
1.6016,-2.0508,-1.6797,27227,0
-16.9375,-3.3164,3.3008,27371,0
2.3320,-4.7695,-1.4883,27292,0
-11.0430,7.2188,0.3125,27258,0
-20.7305,0.2852,3.6055,27375,0
-6.2539,5.5352,-0.9141,27235,0
-22.3008,3.6953,3.6445,27398,0
-3.7617,-7.1133,0.3906,27270,0
-20.8086,6.1094,2.9570,27334,0
-9.6953,-6.3047,1.8047,27326,0
1.2188,-1.2852,-1.7578,27251,0
-17.2070,7.4102,2.0352,27400,0
2.4062,-4.5430,-1.5273,27228,0
-12.0742,7.3359,0.5039,27378,0
-20.3086,-0.2891,3.6836,27301,0
-6.8594,5.8008,-0.7617,27294,0
-22.1875,3.2344,3.6445,27351,0
-3.1875,-7.0742,0.1602,27351,0
-2.4180,2.9297,-1.5664,27228,0
-9.0898,-6.4180,1.6914,27387,0
0.8359,-0.9023,-1.7578,27266,0
-17.5508,7.2188,2.1914,27317,0
2.2930,-4.1992,-1.6016,27332,0
-12.4922,7.4883,0.5820,27249,0
-19.9648,-0.6328,3.5703,27359,0
-7.1719,5.9922,-0.7617,27268,0
-22.0703,3.0430,3.7227,27365,0
-2.9961,-7.0703,0.2344,27276,0
-2.5352,3.0000,-1.6406,27299,0
-8.8906,-6.4570,1.6914,27350,0
0.8359,-0.7852,-1.7578,27253,0
-17.6641,7.2969,2.2266,27403,0
2.2930,-4.2773,-1.5664,27269,0
-12.4922,7.4492,0.6172,27345,0
-20.0039,-0.5586,3.7227,27331,0
1.0664,-6.3398,-1.1055,27245,0
-22.0742,3.1211,3.6445,27385,0
-3.1094,-7.1797,0.1602,27236,0
-2.4570,2.9297,-1.6406,27236,0
-9.1992,-6.4570,1.8047,27391,0
0.9141,-1.0547,-1.7891,27290,0
-17.3203,7.2578,2.0352,27274,0
2.2930,-4.4609,-1.5273,27369,0
-12.0742,7.4883,0.4648,27235,0
-20.2383,-0.2500,3.7227,27405,0
0.7969,-6.5742,-0.9883,27273,0
-22.1133,3.4648,3.7227,27342,0
-3.6094,-7.1133,0.3516,27328,0
-2.0742,2.5859,-1.6797,27255,0
-9.8906,-6.3047,1.9961,27406,0
1.1445,-1.4375,-1.8320,27229,0
-16.7461,7.4102,1.8828,27382,0
-16.2500,-3.6602,3.1875,27316,0
-11.3438,7.4102,0.1992,27269,0
-20.6914,0.2109,3.7227,27377,0
0.3750,-6.7188,-0.7969,27251,0
-22.1523,3.9258,3.6445,27420,0
-4.4883,-7.2227,0.5430,27291,0
-1.5000,2.0078,-1.7578,27323,0
-20.3438,6.3750,2.9180,27342,0
1.4883,-2.0469,-1.7930,27342,0
-15.9414,7.5273,1.6914,27260,0
-17.0586,-3.1250,3.3789,27403,0
-10.4219,7.3359,-0.0312,27285,0
-21.1133,0.8594,3.7969,27386,0
-0.3125,-6.8750,-0.5703,27321,0
-22.1133,4.4219,3.6055,27298,0
-5.5977,-7.1133,0.8867,27374,0
-0.7734,1.2812,-1.8711,27259,0
-19.7383,6.7969,2.6875,27411,0
1.8711,-2.8164,-1.7930,27300,0
-14.9883,7.6797,1.3086,27329,0
-17.9688,-2.4336,3.5312,27363,0
-9.3125,7.0273,-0.3008,27282,0
-21.4961,1.6250,3.7969,27405,0
-1.1953,-7.0352,-0.3008,27278,0
-4.1445,4.5391,-1.4883,27382,0
-6.8242,-6.9922,1.2695,27331,0
-0.0820,0.3633,-1.8320,27272,0
-18.9336,6.9883,2.5742,27272,0
2.1016,-3.4297,-1.7188,27257,0
-13.8750,7.7930,0.9648,27257,0
-18.8945,-1.6289,3.5703,27407,0
1.5273,-6.1133,-1.3359,27292,0
-21.8750,2.4297,3.7617,27314,0
-2.1914,-7.2227,-0.0312,27345,0
-3.1875,3.6562,-1.6406,27238,0
-8.2031,-6.7617,1.6133,27417,0
0.5664,-0.4805,-1.8320,27260,0
-17.9688,7.2578,2.2656,27371,0
2.1367,-4.2344,-1.6016,27325,0
-12.5742,7.6016,0.5820,27267,0
-19.8516,-0.6719,3.8359,27382,0
0.9141,-6.4141,-1.0664,27260,0
-22.0352,3.3125,3.7227,27396,0
-3.4531,-7.2578,0.2734,27302,0
-2.2266,2.8945,-1.7578,27325,0
-9.7773,-6.4570,1.9609,27378,0
1.1055,-1.5547,-1.8320,27256,0
-16.7031,7.5273,1.8047,27438,0
-16.2539,-3.6602,3.3008,27278,0
-11.2305,7.5273,0.0820,27367,0
-20.6523,0.3242,3.7969,27359,0
0.1484,-6.8789,-0.6445,27359,0
-21.9531,4.0391,3.7227,27283,0
-4.9102,-7.1797,0.8477,27420,0
-1.3086,1.7422,-1.8320,27275,0
-11.5039,-5.9570,2.4180,27427,0
1.6016,-2.4727,-1.7578,27334,0
-15.4453,7.9453,1.3477,27318,0
-17.5508,-2.7422,3.4531,27386,0
-9.8164,7.3711,-0.3789,27287,0
-21.2656,1.4727,3.7969,27419,0
-0.8477,-7.1836,-0.2617,27308,0
-21.8789,4.9219,3.3789,27381,0
-6.4414,-7.1836,1.3086,27352,0
-0.3516,0.4023,-1.7930,27279,0
-19.1953,7.0664,2.4570,27430,0
2.0234,-3.5508,-1.6016,27278,0
-14.1016,7.8711,0.8477,27407,0
-18.6992,-1.6680,3.6836,27343,0
-8.3945,6.9141,-0.6836,27301,0
-21.7656,2.5469,3.7227,27416,0
-2.0742,-7.3398,0.1211,27275,0
-3.2617,3.6172,-1.6406,27275,0
-8.2031,-6.8008,1.7305,27445,0
0.4922,-0.7109,-1.7578,27310,0
-18.0898,7.5625,1.9609,27340,0
2.2930,-4.6172,-1.4102,27410,0
-12.6914,7.7930,0.3125,27265,0
-19.8867,-0.3672,3.7617,27428,0
-6.9805,6.0703,-1.0273,27307,0
-22.1523,3.5430,3.6055,27402,0
-3.3398,-7.3359,0.5039,27349,0
-2.1523,2.4297,-1.6406,27300,0
-9.8516,-6.3047,2.1914,27408,0
1.3711,-1.9375,-1.6016,27271,0
-16.8203,7.6016,1.5391,27412,0
2.4453,-5.2266,-1.2578,27315,0
-11.1211,7.6016,-0.1484,27310,0
-20.9648,0.8594,3.5312,27356,0
0.2617,-7.1094,-0.4922,27247,0
-22.2617,4.5391,3.5312,27404,0
-5.1797,-7.1797,1.1172,27275,0
-0.8867,1.0898,-1.7578,27275,0
-11.8828,-5.6914,2.5352,27329,0
2.0625,-3.0859,-1.5664,27329,0
-15.2500,7.8711,1.1562,27252,0
-17.9727,-2.2422,3.5703,27403,0
-9.4336,7.0273,-0.4531,27245,0
-21.6133,2.0078,3.6055,27374,0
-1.1172,-7.2227,-0.0703,27301,0
-21.9922,5.4180,3.1875,27289,0
-6.9414,-6.9961,1.4219,27349,0
0.1094,-0.2109,-1.6445,27243,0
-13.7578,-4.8086,2.9180,27393,0
2.3672,-4.0430,-1.4102,27264,0
-13.6836,7.7930,0.5820,27329,0
-19.2734,-1.0156,3.6055,27334,0
-7.8633,6.3398,-0.7617,27243,0
-22.0312,3.0039,3.6445,27384,0
-2.5352,-7.2188,0.3516,27247,0
-21.4258,5.9570,2.9922,27387,0
-8.8555,-6.5312,1.8438,27295,0
0.9883,-1.1680,-1.6445,27275,0
-17.5859,7.6406,1.8438,27365,0
2.4453,-4.8047,-1.2969,27237,0
-12.0703,7.6016,0.1992,27237,0
-20.4609,0.1328,3.6836,27403,0
-6.4023,5.5703,-1.1055,27279,0
-22.1914,3.8867,3.4922,27320,0
-3.9922,-7.2188,0.6172,27348,0
-20.6211,6.4141,2.7656,27258,0
-10.5781,-6.0352,2.2656,27411,0
1.5625,-2.2461,-1.6016,27253,0
-16.2891,7.6016,1.5000,27379,0
2.3320,-5.3477,-1.1797,27337,0
-10.6602,7.2578,-0.1484,27259,0
-21.1133,1.0898,3.6836,27390,0
-5.1836,4.8828,-1.3711,27272,0
-22.1523,4.6523,3.4141,27392,0
-5.5234,-7.0703,1.0391,27308,0
-0.7344,0.8594,-1.6836,27316,0
-12.1484,-5.5000,2.4961,27365,0
2.0625,-3.1602,-1.5664,27250,0
-15.0664,7.7539,1.0391,27417,0
2.0625,-5.8828,-1.1445,27275,0
-9.2773,6.9141,-0.4141,27350,0
-21.5312,2.0078,3.6445,27364,0
-1.1172,-7.0742,-0.0312,27364,0
-22.1914,5.1875,3.1875,27261,0
-6.9023,-6.8789,1.4609,27403,0
0.2617,-0.0195,-1.6055,27238,0
-13.6016,-4.8477,2.7656,27395,0
2.4844,-3.8516,-1.6016,27331,0
-13.8789,7.8320,0.7734,27286,0
1.5625,-6.3047,-1.1055,27375,0
-7.8633,6.6445,-0.6445,27237,0
-21.8086,2.8125,3.5703,27395,0
-2.2266,-7.3359,0.0430,27306,0
-21.4570,5.6484,3.2227,27343,0
-8.5859,-6.6875,1.8438,27329,0
0.6055,-0.7500,-1.7227,27255,0
-14.8320,-4.3125,2.9922,27394,0
2.2930,-4.3828,-1.4883,27264,0
-12.7188,7.7539,0.4648,27381,0
-19.9609,-0.3672,3.6836,27296,0
-7.0977,6.0703,-0.9141,27293,0
-21.9961,3.4258,3.6445,27371,0
-3.1094,-7.2227,0.3516,27371,0
-21.1484,6.1094,3.0312,27409,0
-9.5820,-6.3789,1.9961,27409,0
1.2188,-1.4766,-1.6836,27261,0
-17.0547,7.4102,1.8047,27347,0
2.4453,-4.8477,-1.4492,27335,0
-11.7305,7.4102,0.1602,27260,0
-20.6875,0.2852,3.6445,27395,0
-6.1367,5.4961,-1.1445,27254,0
-22.1523,4.0000,3.5312,27386,0
-4.2188,-7.1797,0.5820,27301,0
-20.5000,6.4922,2.8789,27287,0
-10.8477,-6.0742,2.2656,27352,0
1.6016,-2.0859,-1.6406,27234,0
-16.1328,7.5625,1.6133,27408,0
2.3320,-5.1875,-1.3359,27267,0
-10.7344,7.2969,0.0078,27334,0
-21.0703,0.9375,3.6836,27328,0
-5.3281,5.0352,-1.2969,27257,0
-22.1133,4.4609,3.5312,27399,0
-5.1797,-7.1133,0.8086,27232,0
-0.9648,1.2422,-1.7227,27367,0
-11.7266,-5.8047,2.3828,27296,0
1.8711,-2.7031,-1.6797,27296,0
-15.4492,7.6797,1.3477,27267,0
2.2539,-5.5039,-1.2969,27385,0
-10.0000,7.0664,-0.1484,27231,0
-21.3828,1.4336,3.7227,27377,0
-4.7227,4.6914,-1.3359,27291,0
-22.0703,4.8438,3.4922,27292,0
-5.9453,-7.0352,0.9648,27347,0
-0.5820,0.7461,-1.7188,27236,0
-12.4141,-5.5352,2.4961,27415,0
2.0234,-3.0469,-1.6406,27255,0
-14.9844,7.6797,1.2305,27377,0
2.1016,-5.6875,-1.2578,27341,0
-9.4727,6.9531,-0.2617,27261,0
-21.5352,1.7422,3.7227,27375,0
-0.9258,-6.9961,-0.2617,27252,0
-22.0352,4.9961,3.4531,27392,0
-6.4023,-6.9961,1.1562,27295,0
-0.2734,0.4766,-1.7227,27336,0
-12.8789,-5.3438,2.6094,27359,0
2.1367,-3.2773,-1.6406,27274,0
-14.6055,7.7539,1.0781,27274,0
-18.4727,-1.9375,3.4531,27396,0
-9.1250,7.0273,-0.4141,27277,0
-21.7266,2.0078,3.5703,27367,0
-1.1172,-7.1797,-0.2617,27302,0
-21.9531,5.0742,3.4531,27287,0
-6.7500,-6.8750,1.3477,27377,0
-0.0430,0.3242,-1.7227,27253,0
-13.1445,-5.1914,2.6484,27400,0
2.2148,-3.3945,-1.6797,27275,0
-14.4492,7.8711,1.0391,27311,0
-18.5508,-1.8984,3.4531,27336,0
-8.9297,6.6836,-0.3789,27266,0
-21.8047,2.0469,3.7617,27372,0
-1.3477,-7.0352,-0.1836,27253,0
-21.9961,5.3047,3.2227,27395,0
-6.8242,-7.0742,1.1172,27287,0
0.0703,0.1328,-1.6797,27276,0
-19.2734,7.1445,2.4961,27371,0
2.2930,-3.4336,-1.6406,27216,0
-14.4062,7.7188,1.0391,27413,0
-18.6641,-1.8984,3.4141,27413,0
-8.8906,6.8750,-0.3789,27275,0
-21.8086,2.0469,3.6836,27313,0
-1.2305,-7.1094,-0.2227,27350,0
-22.0352,5.1133,3.4141,27228,0
-6.7852,-6.9531,1.1953,27399,0
0.0312,0.4023,-1.7188,27236,0
-19.2773,7.1797,2.5352,27373,0
2.2539,-3.4336,-1.6406,27321,0
-14.5625,7.8320,1.1953,27257,0
-18.5469,-1.9727,3.4922,27385,0
-9.0469,6.9141,-0.3398,27251,0
-21.7695,1.9336,3.5703,27392,0
-1.0781,-7.1836,-0.3008,27292,0
-4.1055,4.2656,-1.4102,27321,0
-6.5195,-7.0703,1.1562,27340,0
-0.1211,0.3633,-1.7188,27258,0
-19.4648,6.9531,2.5742,27405,0
2.2148,-3.1250,-1.6406,27275,0
-14.7930,7.9102,1.1953,27375,0
-18.3125,-2.1289,3.3398,27312,0
2.2148,-5.9258,-1.2578,27290,0
-21.6914,1.8164,3.7227,27378,0
-0.9258,-7.0703,-0.3398,27378,0
-4.3359,4.5000,-1.3359,27253,0
-6.2109,-7.1094,0.9648,27419,0
-0.3125,0.6680,-1.6836,27306,0
-19.6602,6.9883,2.6484,27339,0
2.1016,-3.0898,-1.6016,27366,0
-15.0625,7.7188,1.3477,27289,0
-18.1289,-2.3203,3.4141,27375,0
2.1758,-5.6484,-1.3359,27285,0
-21.5312,1.5898,3.6055,27413,0
-0.6953,-7.0703,-0.4531,27307,0
-4.6016,4.6094,-1.2969,27317,0
-5.9844,-7.0703,0.9258,27387,0
-0.5039,0.8984,-1.6797,27269,0
-19.7383,6.9883,2.6094,27432,0
-12.2656,-5.6523,2.3438,27285,0
-15.2539,7.7539,1.3477,27378,0
-17.9297,-2.5117,3.4141,27357,0
2.2539,-5.6094,-1.2969,27357,0
-21.4258,1.3594,3.7227,27435,0
-0.4648,-6.9180,-0.4141,27269,0
-4.8008,4.7305,-1.2969,27269,0
-22.1523,4.6523,3.5312,27419,0
-0.6562,1.0508,-1.6836,27323,0
-19.8867,6.7969,2.7266,27307,0
-11.9961,-5.6914,2.3828,27394,0
-15.4492,7.6797,1.4219,27273,0
-17.7461,-2.6641,3.3398,27433,0
2.3320,-5.4609,-1.3711,27291,0
-21.3867,1.2812,3.6836,27373,0
-0.3125,-6.9180,-0.4922,27347,0
-4.9844,4.8438,-1.2969,27271,0
-22.1875,4.5781,3.5312,27410,0
-0.8125,1.2070,-1.7188,27271,0
-20.0391,6.6836,2.7266,27401,0
-11.7656,-5.8047,2.3047,27315,0
-15.6758,7.6016,1.5000,27310,0
-17.4805,-2.8164,3.3398,27377,0
2.3320,-5.3438,-1.3359,27249,0
-10.3164,7.0664,-0.0312,27398,0
-0.1602,-6.7578,-0.5703,27281,0
-5.1836,4.9961,-1.2188,27350,0
-22.1523,4.4609,3.5312,27350,0
-0.9648,1.4336,-1.7227,27347,0
-20.1211,6.6836,2.7656,27262,0
-11.5000,-5.8828,2.3047,27382,0
1.7930,-2.4297,-1.7188,27278,0
-17.3242,-2.9688,3.3008,27393,0
2.3672,-5.3867,-1.3359,27299,0
-10.5039,7.1445,-0.0312,27312,0
0.0312,-6.7969,-0.5312,27361,0
-5.3320,4.9961,-1.2578,27266,0
-22.2305,4.3828,3.5703,27415,0
-1.0391,1.5508,-1.7188,27288,0
-20.1953,6.6836,2.7656,27360,0
-11.4219,-5.8828,2.2266,27314,0
1.8320,-2.2812,-1.6797,27297,0
-17.3242,-2.8945,3.3008,27372,0
2.4062,-5.3477,-1.3359,27232,0
-10.5039,7.2188,0.0078,27403,0
0.0312,-6.8750,-0.5703,27279,0
-5.3711,4.9609,-1.2578,27319,0
-22.2578,4.2305,3.5312,27357,0
-4.9883,-7.1445,0.7734,27357,0
-20.2383,6.6055,2.7266,27238,0
-11.3086,-5.9219,2.2266,27402,0
1.7930,-2.3242,-1.6797,27251,0
-17.2812,-2.8945,3.3008,27370,0
2.4062,-5.2266,-1.2969,27319,0
-10.5391,7.2969,0.0078,27264,0
0.0703,-6.8789,-0.6055,27399,0
-5.3711,5.0742,-1.1797,27258,0
-22.3008,4.3477,3.6445,27399,0
-4.9883,-7.1445,0.7344,27290,0
-20.2383,6.4922,2.7656,27318,0
-11.3047,-5.9219,2.1914,27356,0
1.7930,-2.3555,-1.7188,27246,0
-17.2422,-3.0469,3.2227,27435,0
2.3672,-5.3047,-1.3359,27256,0
-10.6172,7.1797,0.0078,27374,0
-21.1875,0.9375,3.6836,27314,0
-5.4102,5.1133,-1.1445,27270,0
-22.2617,4.4219,3.5703,27380,0
-4.9102,-7.1445,0.6562,27380,0
-20.3086,6.6836,2.9180,27396,0
-11.2305,-5.9570,2.1523,27396,0
1.7930,-2.2031,-1.6797,27296,0
-16.0547,7.6406,1.6133,27313,0
2.4062,-5.2656,-1.3711,27354,0
-10.7656,7.2188,0.0430,27255,0
-21.1133,0.7070,3.6836,27381,0
-5.5938,5.1133,-1.1797,27284,0
-22.2578,4.1562,3.6055,27361,0
-4.6406,-7.1133,0.6172,27332,0
-20.4609,6.4141,2.9180,27312,0
-10.8477,-6.0352,2.1133,27382,0
1.7188,-1.8984,-1.6797,27267,0
-16.3594,7.5273,1.8047,27435,0
2.4453,-4.9648,-1.4492,27295,0
-11.0820,7.5273,0.1602,27358,0
-20.9648,0.5547,3.5312,27368,0
-5.9062,5.4570,-1.0664,27283,0
-22.3359,4.0391,3.6055,27427,0
-4.1836,-7.2617,0.5039,27294,0
-1.5000,1.9336,-1.6016,27393,0
-10.3867,-6.2266,2.0352,27347,0
1.5273,-1.7422,-1.6797,27347,0
-16.7422,7.4102,1.9219,27311,0
2.5234,-4.6992,-1.4492,27425,0
-11.5312,7.5273,0.3125,27264,0
-20.7656,0.2852,3.5703,27432,0
-6.2891,5.8008,-0.9531,27318,0
-22.3398,3.7734,3.6445,27371,0
-3.6836,-7.2578,0.3906,27352,0
-1.8438,2.3164,-1.5664,27281,0
-9.8555,-6.3398,1.9219,27439,0
1.3359,-1.3984,-1.7617,27282,0
-17.1641,7.3711,1.9219,27406,0
2.5234,-4.6211,-1.4883,27352,0
-12.0703,7.5625,0.3906,27302,0
-20.4609,-0.1367,3.6055,27393,0
1.0664,-6.5742,-0.9531,27278,0
-22.2578,3.5430,3.6445,27427,0
-3.2227,-7.2617,0.1992,27292,0
-2.2266,2.8516,-1.5273,27355,0
-9.1562,-6.5703,1.6914,27360,0
1.1055,-1.0938,-1.6406,27271,0
-17.6680,7.3359,2.1523,27406,0
-15.3711,-4.1953,3.0312,27406,0
-12.6523,7.4492,0.5430,27253,0
-20.0039,-0.7500,3.5703,27390,0
1.3359,-6.4180,-1.0273,27304,0
-22.1914,3.0820,3.6445,27300,0
-2.6875,-7.2578,0.0820,27355,0
-2.6484,3.3125,-1.5664,27252,0
-8.4688,-6.7227,1.5000,27396,0
0.8750,-0.5938,-1.6445,27264,0
-18.2422,7.5625,2.2656,27325,0
-14.7930,-4.5391,2.8398,27302,0
-13.2578,7.6406,0.7734,27240,0
-19.6172,-1.0938,3.6445,27368,0
1.6406,-6.3086,-1.1055,27225,0
-22.0703,2.5859,3.7227,27386,0
-2.1523,-7.1836,0.0078,27266,0
-3.1094,3.6172,-1.5273,27272,0
-21.7695,5.6094,3.2617,27351,0
0.5312,-0.3672,-1.7188,27219,0
-18.6992,7.2578,2.3828,27396,0
-14.0234,-4.8867,2.8789,27396,0
-13.8750,7.7188,0.9648,27344,0
-19.1172,-1.4375,3.4531,27344,0
1.9102,-6.1094,-1.2969,27298,0
-8.5078,6.8359,-0.4531,27239,0
-1.5391,-7.2188,-0.1836,27364,0
-3.6094,3.9609,-1.4102,27204,0
-21.9922,5.3438,3.3789,27343,0
0.1836,0.1719,-1.7227,27257,0
-19.1562,7.1445,2.4961,27246,0
-13.2969,-5.2695,2.6094,27301,0
-14.5234,7.6797,1.1953,27221,0
-18.5469,-2.0117,3.5312,27348,0
2.0625,-5.8828,-1.2578,27238,0
-9.0859,6.7969,-0.2617,27343,0
-1.0039,-7.0312,-0.2617,27285,0
-4.1836,4.5000,-1.3359,27241,0
-22.1523,5.1133,3.4141,27353,0
-0.1992,0.7070,-1.7227,27234,0
-19.6602,7.1055,2.6875,27380,0
-12.6094,-5.6133,2.4570,27291,0
2.2148,-3.0117,-1.7188,27315,0
-18.0859,-2.4727,3.3398,27336,0
2.2930,-5.6875,-1.3359,27336,0
-9.8164,7.1055,-0.1094,27263,0
-0.4297,-7.0742,-0.4531,27382,0
-4.7578,4.7695,-1.2578,27278,0
-22.2266,4.6133,3.5312,27378,0
-0.6953,1.3203,-1.6836,27335,0
-20.1211,6.8750,2.7656,27322,0
-11.7266,-5.9219,2.2266,27374,0
1.9844,-2.4727,-1.6797,27268,0
-17.4805,-2.9688,3.3008,27417,0
2.4453,-5.3086,-1.4102,27278,0
-10.5430,7.3359,0.1211,27350,0
0.2227,-6.9531,-0.6836,27361,0
-5.4883,5.1875,-1.1445,27270,0
-22.2617,4.1914,3.6055,27417,0
-4.6797,-7.3008,0.5820,27272,0
-20.5781,6.6055,2.8008,27405,0
-10.6953,-6.3047,1.9219,27314,0
1.6797,-1.9023,-1.6797,27292,0
-16.6758,-3.5078,3.2227,27399,0
2.5586,-4.8867,-1.4102,27244,0
-11.4648,7.5273,0.3516,27244,0
-20.6914,0.1328,3.6055,27433,0
-6.3711,5.8398,-0.9141,27299,0
-22.3789,3.6953,3.7227,27361,0
-3.6094,-7.3789,0.3125,27356,0
-21.1914,6.1094,3.0312,27280,0
-9.4336,-6.6484,1.7305,27390,0
1.2969,-1.2461,-1.6797,27258,0
-15.6367,-4.1953,2.9922,27426,0
2.5977,-4.4258,-1.4883,27326,0
-12.6094,7.7930,0.5820,27306,0
-20.1562,-0.5586,3.4922,27408,0
-7.3203,6.3750,-0.6836,27265,0
-22.2578,3.0039,3.6836,27411,0
-2.4570,-7.3750,0.1211,27289,0
-21.6484,5.7266,3.3398,27370,0
-8.1680,-6.9141,1.4609,27344,0
0.7578,-0.2500,-1.7578,27277,0
-18.6680,7.4883,2.3828,27383,0
2.5234,-3.9648,-1.6016,27274,0
-13.9102,7.8711,1.0039,27395,0
-19.1602,-1.5547,3.5312,27395,0
-8.6289,6.9883,-0.3789,27304,0
-21.9531,2.1641,3.5312,27332,0
-1.2695,-7.4180,-0.2617,27338,0
-3.7617,4.2656,-1.3359,27268,0
-6.6328,-7.1797,1.1562,27396,0
0.0312,0.6680,-1.6836,27270,0
-19.6211,7.1055,2.7266,27404,0
2.2930,-2.8906,-1.7578,27317,0
-15.0977,8.1016,1.5000,27305,0
-18.0898,-2.5859,3.2227,27375,0
-9.9297,7.2969,0.0078,27262,0
-21.4922,1.2070,3.7227,27420,0
-0.2383,-7.1836,-0.6055,27276,0
-4.9883,5.1523,-1.2188,27368,0
-5.0234,-7.4922,0.5820,27340,0
-1.0039,1.5898,-1.6445,27252,0
-20.4648,6.6445,3.0312,27410,0
1.7539,-1.9375,-1.7188,27245,0
-16.4375,7.7930,1.8438,27399,0
-16.7852,-3.5469,3.0312,27293,0
2.5977,-5.0391,-1.4883,27293,0
-20.8828,0.2109,3.6445,27378,0
0.8750,-6.9180,-0.9141,27378,0
-6.3320,5.9180,-0.8750,27242,0
-3.4922,-7.5273,0.2734,27428,0
-1.9609,2.7734,-1.5664,27282,0
-21.2656,6.1836,3.1484,27359,0
-9.3555,-6.7617,1.6914,27342,0
-17.7461,7.5625,2.2266,27266,0
-15.3672,-4.3867,2.9180,27390,0
2.6367,-4.4219,-1.5664,27274,0
-19.9609,-0.7852,3.5312,27415,0
1.5273,-6.5742,-1.1797,27319,0
-7.5547,6.5664,-0.6445,27313,0
-2.2266,-7.4922,-0.0312,27382,0
-2.9570,3.6602,-1.4883,27250,0
-21.8086,5.7266,3.3008,27394,0
-7.8984,-7.0312,1.4609,27297,0
-18.7734,7.4102,2.4180,27351,0
-13.9883,-5.0000,2.7266,27325,0
2.4453,-3.8125,-1.5664,27290,0
-19.0117,-1.6289,3.4531,27375,0
1.9844,-6.2305,-1.2578,27261,0
-8.7070,6.9141,-0.3789,27261,0
-21.9180,2.1992,3.6445,27399,0
-3.8008,4.3086,-1.4102,27290,0
-22.1133,5.2656,3.3398,27351,0
-6.7109,-7.2227,1.1172,27326,0
-19.5039,7.2188,2.6094,27285,0
-12.9570,-5.5352,2.5742,27403,0
2.3672,-3.2773,-1.7188,27248,0
-18.3945,-2.2422,3.4141,27429,0
2.2930,-5.9219,-1.2969,27298,0
-9.4336,7.1797,-0.2227,27302,0
-21.6914,1.6641,3.6445,27387,0
-4.4102,4.6094,-1.2969,27267,0
-22.2578,4.9219,3.4922,27423,0
-5.9844,-7.3008,0.9648,27277,0
-19.9609,7.1055,2.6484,27365,0
-12.1875,-5.8047,2.3438,27350,0
2.2148,-2.8516,-1.6406,27256,0
-15.4844,7.9102,1.4609,27415,0
2.4844,-5.6484,-1.3359,27260,0
-10.1172,7.3359,-0.0703,27394,0
-21.5352,1.1680,3.6445,27394,0
-4.9883,5.0352,-1.2188,27328,0
-22.3789,4.5781,3.4922,27291,0
-5.2148,-7.3750,0.7344,27395,0
-0.7734,1.3984,-1.6836,27254,0
-11.5000,-6.1133,2.2656,27424,0
2.0234,-2.4336,-1.7188,27283,0
-16.0586,7.7539,1.6133,27353,0
2.5977,-5.2695,-1.3359,27374,0
-10.7383,7.4883,0.0820,27271,0
-21.3047,0.8984,3.6445,27418,0
-5.4453,5.5703,-1.1445,27288,0
-22.4531,4.4219,3.5312,27389,0
-4.6016,-7.4961,0.5430,27334,0
-1.1562,1.8125,-1.6016,27310,0
-10.8828,-6.3047,2.1523,27374,0
1.7539,-2.0859,-1.6797,27260,0
-16.4375,7.6016,1.7695,27400,0
2.5234,-5.1484,-1.3711,27299,0
-11.1875,7.4102,0.2344,27358,0
-20.9648,0.4766,3.7227,27325,0
0.4922,-6.9141,-0.7617,27279,0
-22.3359,4.0781,3.5703,27279,0
-4.1836,-7.4180,0.4648,27374,0
-1.4609,2.2344,-1.6406,27263,0
-10.4648,-6.3398,1.9961,27413,0
1.6016,-1.8242,-1.6797,27282,0
-16.6758,7.6016,1.8828,27311,0
-16.5195,-3.5820,3.1875,27353,0
-11.4258,7.4102,0.2344,27263,0
-20.7695,0.2852,3.6445,27385,0
0.6055,-6.8398,-0.7969,27250,0
-22.2969,3.9258,3.5312,27374,0
-3.9922,-7.4141,0.4258,27288,0
-1.6172,2.2734,-1.6797,27266,0
-10.2773,-6.3789,2.0352,27383,0
1.5273,-1.7031,-1.6406,27222,0
-16.7852,7.6016,1.8438,27400,0
-16.4414,-3.6211,3.1484,27277,0
-11.4648,7.4492,0.2734,27308,0
-20.7656,0.2852,3.7617,27339,0
0.6055,-6.7969,-0.7617,27339,0
-22.2969,3.8867,3.6055,27400,0
-4.0273,-7.3398,0.4648,27400,0
-1.5781,2.2344,-1.6797,27237,0
-20.7695,6.4141,2.9180,27352,0
1.5273,-1.8633,-1.7188,27290,0
-16.6719,7.5625,1.8047,27228,0
-16.5547,-3.5469,3.2227,27359,0
-11.3477,7.4492,0.1992,27215,0
-20.8086,0.4023,3.6836,27365,0
0.5664,-6.7969,-0.7617,27244,0
-22.2969,4.0000,3.6445,27264,0
-4.1836,-7.2969,0.5430,27322,0
-1.5391,2.1992,-1.6406,27193,0
-20.6914,6.4141,2.9922,27360,0
1.5273,-1.7812,-1.6797,27232,0
-16.5977,7.5273,1.8047,27294,0
-16.5547,-3.5469,3.1875,27292,0
-11.3086,7.3711,0.1992,27231,0
-20.8047,0.3242,3.6836,27322,0
0.4922,-6.8008,-0.7617,27221,0
-5.9844,5.5703,-1.1055,27342,0
-4.1836,-7.2617,0.5430,27252,0
-1.5391,2.1289,-1.6406,27270,0
-20.6484,6.4141,2.9922,27270,0
1.5625,-1.7812,-1.6797,27306,0
-16.5195,7.6016,1.7695,27218,0
-16.6367,-3.4297,3.2227,27352,0
2.4453,-4.9609,-1.4102,27226,0
-20.8867,0.4023,3.6055,27326,0
0.4531,-6.8750,-0.7617,27258,0
-5.9062,5.4570,-1.1055,27235,0
-4.2969,-7.2227,0.6562,27343,0
-1.4609,2.0508,-1.7188,27201,0
-20.6211,6.3398,2.8789,27348,0
1.5625,-1.7852,-1.7188,27252,0
-16.4805,7.7539,1.6914,27264,0
-16.7461,-3.4297,3.1094,27291,0
2.4844,-5.1484,-1.3359,27214,0
-20.9648,0.5938,3.7969,27342,0
0.3398,-6.7188,-0.6836,27208,0
-5.7539,5.4961,-1.1445,27326,0
-4.4883,-7.2969,0.5430,27265,0
-1.3477,1.8516,-1.6797,27225,0
-20.5000,6.4141,2.9180,27329,0
-10.8867,-6.1484,2.2656,27329,0
-16.2891,7.5273,1.6133,27199,0
-16.9023,-3.2383,3.2617,27360,0
2.3672,-5.1211,-1.3711,27240,0
-21.0391,0.7070,3.6836,27287,0
0.2227,-6.8789,-0.6055,27315,0
-5.5625,5.2656,-1.1797,27196,0
-22.2305,4.2305,3.6445,27387,0
-1.1953,1.7812,-1.6797,27231,0
-20.3086,6.6055,2.7656,27327,0
-11.1211,-6.0742,2.1914,27322,0
-16.0586,7.6016,1.6133,27251,0
-17.1289,-3.0859,3.3398,27366,0
2.3320,-5.2266,-1.3359,27244,0
-21.1133,0.8203,3.6836,27389,0
0.0312,-6.8789,-0.6445,27290,0
-5.3711,5.1523,-1.2578,27298,0
-22.2266,4.3477,3.5703,27355,0
-1.0781,1.5117,-1.7227,27251,0
-20.2383,6.6055,2.8398,27386,0
-11.3828,-5.9219,2.3438,27386,0
-15.8281,7.6016,1.5781,27366,0
-17.3203,-2.9336,3.3398,27366,0
2.3320,-5.3086,-1.3359,27309,0
-10.4219,7.2578,-0.0312,27260,0
-0.1211,-6.8398,-0.5312,27362,0
-5.1836,4.9961,-1.3359,27244,0
-22.1914,4.4219,3.5312,27395,0
-0.8867,1.3203,-1.7188,27298,0
-20.0820,6.6445,2.7656,27307,0
-11.6484,-5.8438,2.3438,27332,0
-15.6328,7.5625,1.5000,27253,0
-17.5117,-2.7773,3.3398,27383,0
2.2148,-5.3477,-1.2969,27257,0
-10.1953,7.1445,-0.1094,27364,0
-0.3516,-6.8789,-0.4922,27306,0
-4.9883,4.8828,-1.3359,27275,0
-22.1484,4.5781,3.5703,27375,0
-0.7734,1.1289,-1.7617,27262,0
-19.9258,6.6445,2.6875,27402,0
-11.9219,-5.7266,2.4180,27294,0
1.9102,-2.6289,-1.7188,27337,0
-17.7070,-2.6250,3.3789,27367,0
2.1758,-5.5000,-1.2969,27367,0
-9.9336,6.9883,-0.1484,27267,0
-0.5039,-6.8359,-0.3789,27440,0
-4.7617,4.6914,-1.3359,27284,0
-22.1484,4.6914,3.4922,27395,0
-5.8281,-6.9922,0.9648,27364,0
-19.6562,6.8359,2.6875,27296,0
-12.3047,-5.6133,2.4961,27410,0
2.0234,-2.8164,-1.6797,27290,0
-18.0117,-2.3555,3.4141,27459,0
2.1367,-5.5742,-1.2969,27339,0
-9.5781,6.9883,-0.2617,27361,0
-0.8125,-6.9531,-0.3398,27435,0
-4.4492,4.4219,-1.4102,27294,0
-22.0703,4.8438,3.4531,27451,0
-6.2500,-6.9961,1.1172,27339,0
-19.5000,6.7227,2.6094,27413,0
-12.6914,-5.3438,2.6875,27387,0
2.1016,-3.0078,-1.6797,27327,0
-18.2734,-2.0117,3.4141,27445,0
2.0234,-5.7266,-1.2969,27304,0
-9.1562,6.9883,-0.3789,27458,0
-21.6523,1.9727,3.6445,27458,0
-4.0273,4.0820,-1.4492,27351,0
-21.9531,5.0742,3.4922,27378,0
-6.8633,-6.8750,1.3477,27411,0
-19.1172,7.0273,2.4180,27335,0
-13.2617,-5.1523,2.6094,27463,0
2.1758,-3.5469,-1.6406,27329,0
-14.1797,7.6406,0.9648,27438,0
1.7930,-5.9219,-1.1797,27376,0
-8.5859,6.6445,-0.4922,27307,0
-21.8047,2.3555,3.5703,27424,0
-3.5703,3.8047,-1.4883,27293,0
-21.8398,5.4570,3.3008,27411,0
-7.4414,-6.8008,1.5391,27309,0
-18.6953,7.0664,2.3438,27325,0
-13.9883,-4.7344,2.9180,27351,0
2.3672,-3.7734,-1.5664,27247,0
-13.6016,7.6406,0.8086,27393,0
1.6016,-6.2305,-1.1055,27243,0
-8.0117,6.3398,-0.6836,27342,0
-21.9922,2.7383,3.6836,27342,0
-2.9961,3.3516,-1.6016,27241,0
-21.4961,5.6875,3.1484,27241,0
-8.2461,-6.6484,1.6133,27362,0
0.6836,-0.6719,-1.7227,27214,0
-14.7930,-4.3867,3.0312,27357,0
2.3672,-4.1953,-1.4883,27254,0
-12.8398,7.4492,0.5820,27249,0
1.2188,-6.3789,-0.9883,27344,0
-7.2422,5.9570,-0.8359,27202,0
-22.0742,3.1602,3.6445,27359,0
-2.5352,2.8906,-1.6406,27246,0
-21.1523,5.9922,2.9570,27298,0
-9.0859,-6.4570,1.7695,27296,0
1.0273,-1.2070,-1.7188,27226,0
-15.6758,-3.8906,3.1484,27353,0
2.4062,-4.5820,-1.4102,27226,0
-12.0312,7.4102,0.3125,27348,0
0.8359,-6.5742,-0.7969,27282,0
-6.5156,5.5703,-1.0273,27269,0
-22.1484,3.6562,3.6055,27336,0
-3.9141,-7.1133,0.5820,27232,0
-20.6211,6.2227,2.8789,27374,0
-10.2734,-6.1484,2.1133,27374,0
1.4102,-1.8633,-1.7188,27252,0
-16.5977,-3.2773,3.3008,27344,0
2.2930,-5.0000,-1.3359,27316,0
-11.0820,7.2578,0.0820,27242,0
-20.8828,0.8203,3.6836,27380,0
-5.5977,5.2266,-1.2578,27242,0
-22.1523,4.2695,3.4922,27366,0
-4.8711,-7.0703,0.8867,27291,0
-20.1602,6.4141,2.7656,27292,0
-11.5352,-5.6523,2.5742,27342,0
1.7930,-2.4297,-1.7578,27242,0
-17.5117,-2.6250,3.2617,27416,0
2.1758,-5.5703,-1.1797,27264,0
-9.9609,7.0273,-0.2227,27341,0
-21.3477,1.4727,3.7617,27346,0
-4.5664,4.3828,-1.4492,27276,0
-21.9961,4.8438,3.4141,27422,0
-6.2891,-6.9141,1.2305,27273,0
-19.3945,7.1055,2.4570,27413,0
-12.8750,-5.2695,2.6875,27335,0
2.1758,-3.5078,-1.6016,27335,0
-14.3320,7.6797,0.9258,27316,0
1.7539,-5.9961,-1.1445,27422,0
-8.5898,6.6445,-0.5703,27275,0
-21.8398,2.4688,3.6055,27445,0
-3.3398,3.5039,-1.6016,27339,0
-21.6094,5.5352,3.1875,27361,0
-7.9688,-6.6875,1.7305,27397,0
0.5312,-0.6719,-1.7617,27290,0
-14.7109,-4.3125,3.0703,27455,0
2.4062,-4.2773,-1.4883,27293,0
-12.7617,7.6406,0.4648,27408,0
1.1445,-6.5703,-0.8750,27393,0
-7.0156,5.9180,-0.9531,27290,0
-22.1094,3.5430,3.6445,27437,0
-2.1133,2.3555,-1.6797,27305,0
-20.7695,6.1836,2.8789,27434,0
-10.0039,-6.2266,2.1133,27346,0
1.2969,-1.7812,-1.7188,27342,0
-16.4414,-3.3164,3.3398,27400,0
2.3320,-5.1172,-1.3359,27299,0
-11.0430,7.2578,-0.0312,27299,0
0.0703,-6.7578,-0.4922,27435,0
-5.4883,5.1133,-1.3711,27322,0
-22.1133,4.4609,3.4531,27397,0
-5.2148,-7.1133,1.0039,27376,0
-19.9219,6.6836,2.6484,27308,0
-12.0312,-5.5352,2.6875,27427,0
1.8711,-2.8945,-1.6797,27303,0
-17.9336,-2.2031,3.4141,27431,0
2.0625,-5.7656,-1.1797,27337,0
-9.3125,6.9141,-0.4531,27329,0
-1.3086,-7.0742,-0.0312,27404,0
-3.9531,3.9609,-1.5273,27268,0
-21.8750,5.2266,3.2617,27415,0
-7.1719,-6.8008,1.4609,27313,0
-18.7344,7.1797,2.2656,27362,0
-13.9102,-4.7695,2.8789,27332,0
2.3320,-4.0000,-1.4883,27282,0
-19.2773,-0.9766,3.7617,27419,0
0.9883,-6.2695,-0.9531,27268,0
-7.9727,6.3750,-0.8750,27382,0
-21.8047,2.9688,3.5312,27286,0
-2.6484,2.9688,-1.6797,27286,0
-21.0430,6.0312,2.9922,27284,0
-8.9297,-6.4570,1.9219,27381,0
-17.7852,7.5625,1.8828,27254,0
-15.5938,-3.9297,3.1484,27393,0
2.6367,-4.8086,-1.4102,27237,0
-11.7656,7.4102,0.1602,27345,0
0.5664,-6.6484,-0.6836,27349,0
-6.3984,5.6094,-1.0664,27226,0
-22.2969,3.8086,3.6445,27409,0
-1.4258,1.8125,-1.7578,27239,0
-20.2344,6.3398,2.8008,27372,0
-10.9609,-5.9961,2.2656,27317,0
-16.0938,7.7188,1.6133,27257,0
-17.0547,-3.0469,3.2617,27372,0
2.3320,-5.3086,-1.3711,27224,0
-10.3125,7.2578,-0.1484,27405,0
-0.5039,-6.8789,-0.4922,27299,0
-4.9883,5.0352,-1.3711,27277,0
-22.1523,4.4609,3.6836,27348,0
-0.6211,0.7461,-1.6016,27257,0
-19.6992,6.8750,2.5352,27257,0
-12.4531,-5.8438,2.4570,27424,0
1.5273,-3.0078,-1.5664,27273,0
-17.8594,-2.5117,3.7617,27342,0
2.1367,-5.7266,-1.3359,27323,0
-9.1953,6.7969,-0.2617,27267,0
-1.5000,-7.0312,-0.1836,27417,0
-4.5273,4.6875,-1.4102,27263,0
-21.6523,5.1523,3.4141,27372,0
-6.5195,-7.1797,1.1562,27323,0
-19.0508,7.2969,2.3828,27306,0
-13.2227,-5.3086,2.8008,27375,0
1.9102,-3.4727,-1.6016,27263,0
-18.5469,-1.7812,3.3789,27398,0
1.9844,-6.2305,-1.2578,27287,0
-8.6289,6.8359,-0.6055,27357,0
-1.8086,-7.3008,0.0430,27345,0
-3.5703,3.7383,-1.4883,27275,0
-21.5742,5.3789,3.3789,27369,0
-7.6680,-6.8398,1.5781,27275,0
-18.3945,7.2969,2.3438,27393,0
-14.2617,-4.8477,2.8789,27294,0
2.2148,-3.9336,-1.5664,27294,0
-19.4336,-1.1328,3.7227,27318,0
1.4102,-6.2656,-1.1797,27342,0
-7.8203,6.4531,-0.6836,27249,0
-21.8789,2.7383,3.6055,27409,0
-2.9961,3.3945,-1.6016,27259,0
-21.1875,5.7656,3.1875,27366,0
-8.5859,-6.7617,1.6523,27318,0
-17.6641,7.3359,2.1914,27276,0
-15.0664,-4.3867,3.0703,27390,0
2.2148,-4.1992,-1.6016,27239,0
-19.8125,-0.6719,3.6445,27419,0
1.1055,-6.4531,-1.0273,27272,0
-7.2031,6.1484,-0.7969,27300,0
-21.9961,3.3125,3.7969,27382,0
-2.4961,2.9336,-1.6016,27233,0
-20.9648,5.9570,3.0703,27408,0
-9.2773,-6.5703,1.7695,27266,0
-17.2422,7.3711,2.0742,27351,0
-15.7148,-4.0820,3.1094,27344,0
2.3320,-4.5000,-1.5273,27256,0
-12.0352,7.5273,0.3906,27415,0
0.8750,-6.5703,-0.9531,27415,0
-6.6328,5.8008,-0.9141,27258,0
-22.0742,3.5430,3.6836,27401,0
-2.0742,2.5078,-1.6406,27337,0
-20.6523,6.1094,3.0703,27300,0
-10.0430,-6.3398,1.9609,27383,0
1.2578,-1.3633,-1.7578,27264,0
-16.2930,-3.7383,3.1484,27431,0
2.3672,-4.7383,-1.4883,27298,0
-11.5000,7.4492,0.3125,27360,0
0.5664,-6.6484,-0.9531,27388,0
-6.2109,5.6484,-1.0273,27274,0
-22.1094,3.7344,3.5703,27408,0
-1.7305,2.1250,-1.6797,27308,0
-20.5039,6.2227,3.0703,27394,0
-10.5430,-6.1875,2.1133,27354,0
1.3359,-1.5156,-1.7617,27325,0
-16.5586,-3.5820,3.0703,27413,0
2.3672,-4.8828,-1.4492,27301,0
-11.2656,7.4102,0.3125,27301,0
0.4531,-6.6914,-0.7969,27341,0
-5.9883,5.4961,-0.9883,27341,0
-22.1133,3.8086,3.6445,27386,0
-4.2969,-7.2188,0.4648,27363,0
-20.4609,6.3008,2.9570,27312,0
-10.6211,-6.2656,2.0742,27416,0
1.4883,-1.7812,-1.7891,27288,0
-16.7422,-3.5469,3.1875,27439,0
2.3672,-4.8086,-1.5664,27319,0
-11.1875,7.3711,0.2344,27318,0
-20.8477,0.3633,3.6055,27385,0
-5.9883,5.4961,-1.0273,27267,0
-22.1133,4.0000,3.6836,27421,0
-4.3359,-7.2617,0.4648,27281,0
-20.5039,6.3398,2.9570,27362,0
-10.5391,-6.3047,2.0352,27337,0
1.4102,-1.6680,-1.7578,27232,0
-16.5586,-3.6602,3.2227,27391,0
2.3672,-4.7656,-1.4883,27210,0
-11.3867,7.3711,0.3125,27386,0
-20.7305,0.1719,3.6836,27254,0
-6.2148,5.5703,-0.9883,27267,0
-22.0742,3.6953,3.6445,27267,0
-4.0664,-7.2227,0.3906,27329,0
-20.5781,6.2617,2.9922,27194,0
-10.2773,-6.3789,1.8828,27386,0
1.2578,-1.3633,-1.7578,27221,0
-16.7070,7.6406,1.9219,27327,0
2.4453,-4.6992,-1.5273,27290,0
-11.6523,7.4492,0.4648,27211,0
-20.5820,-0.0195,3.7969,27370,0
-6.4766,5.8008,-0.9141,27229,0
-22.0312,3.5039,3.6836,27353,0
-3.6836,-7.2578,0.2734,27265,0
-20.8086,6.0703,3.1484,27271,0
-9.7344,-6.5312,1.8438,27331,0
1.0664,-1.1680,-1.7617,27226,0
-17.0859,7.3711,2.0742,27356,0
2.4062,-4.3438,-1.6406,27249,0
-12.1484,7.5625,0.5039,27315,0
-20.2656,-0.4414,3.6445,27296,0
-6.9766,6.0703,-0.7617,27255,0
-22.1094,3.3125,3.6836,27338,0
-3.1484,-7.2617,0.0820,27243,0
-2.4961,3.0039,-1.5273,27243,0
-9.0898,-6.6875,1.6914,27370,0
0.9141,-0.8242,-1.7227,27281,0
-17.5898,7.2969,2.2656,27307,0
2.4062,-4.0820,-1.6016,27360,0
-12.7227,7.5273,0.7344,27250,0
-19.8555,-0.8633,3.6445,27399,0
1.2969,-6.2695,-1.1797,27284,0
-21.9922,2.7383,3.6836,27389,0
-2.6484,-7.1797,0.0430,27324,0
-2.8789,3.3906,-1.5664,27305,0
-8.4688,-6.7617,1.5000,27422,0
0.5664,-0.3672,-1.8281,27271,0
-18.0508,7.3711,2.3047,27441,0
2.3320,-3.8945,-1.6406,27330,0
-13.2578,7.7188,0.8867,27365,0
-19.4609,-1.1680,3.6445,27380,0
1.5273,-6.1094,-1.2969,27303,0
-21.8750,2.5078,3.6836,27449,0
-2.1914,-7.2227,-0.1484,27287,0
-3.2227,3.5781,-1.4492,27287,0
-7.9375,-6.8008,1.4219,27350,0
0.3398,-0.0977,-1.7930,27350,0
-18.3906,7.1445,2.4180,27322,0
-14.0625,-4.9609,2.6875,27418,0
-13.6016,7.7539,0.9648,27271,0
-19.1172,-1.5156,3.6055,27446,0
1.6016,-5.9922,-1.2969,27311,0
-21.8086,2.3945,3.7617,27374,0
-1.9219,-7.0742,-0.2227,27367,0
-3.5312,3.8867,-1.4492,27268,0
-21.5312,5.3789,3.3789,27425,0
0.1484,-0.0195,-1.7578,27273,0
-18.5859,7.1055,2.4570,27376,0
-13.8789,-5.0391,2.8008,27338,0
-13.7188,7.6797,0.9258,27292,0
-18.9336,-1.6289,3.5703,27376,0
1.5625,-5.9961,-1.2578,27260,0
-21.6875,2.2773,3.7227,27400,0
-1.9219,-7.0703,-0.1484,27279,0
-3.6094,3.8438,-1.5273,27334,0
-21.4922,5.3438,3.3398,27332,0
0.0703,-0.0586,-1.7227,27258,0
-18.5508,7.1055,2.4570,27258,0
-13.8359,-5.0000,2.8789,27383,0
-13.6836,7.6797,0.9258,27259,0
-18.9727,-1.5156,3.6055,27376,0
1.5625,-6.0352,-1.2578,27296,0
-8.3203,6.5664,-0.5312,27290,0
-2.0352,-7.1133,-0.0703,27357,0
-3.4922,3.7344,-1.5273,27218,0
-21.4570,5.4180,3.3008,27408,0
0.1836,-0.2500,-1.7578,27284,0
-18.3125,7.1055,2.3828,27314,0
-14.1016,-4.8086,2.9570,27330,0
-13.4570,7.6016,0.7734,27265,0
-19.1953,-1.2852,3.6055,27377,0
1.3711,-6.1133,-1.2188,27243,0
-8.0508,6.4922,-0.6445,27392,0
-2.3047,-7.1797,0.0430,27296,0
-3.2227,3.4648,-1.6016,27267,0
-21.3086,5.6484,3.1875,27360,0
0.4922,-0.5195,-1.7930,27243,0
-18.0117,7.2188,2.2266,27395,0
-14.6055,-4.5391,2.9922,27395,0
2.2148,-4.0430,-1.5664,27260,0
-19.6211,-0.8242,3.6836,27330,0
1.2188,-6.2656,-1.1055,27336,0
-7.5156,6.3008,-0.7969,27232,0
-2.8047,-7.2617,0.1602,27401,0
-2.7266,2.9336,-1.6016,27241,0
-21.0430,5.6875,3.2227,27362,0
-8.9688,-6.4570,1.8828,27313,0
-17.3984,7.1797,2.0352,27265,0
-15.3281,-4.1562,3.1094,27363,0
2.2148,-4.3125,-1.5664,27243,0
-20.0781,-0.4023,3.6445,27407,0
0.8750,-6.5703,-0.9883,27279,0
-6.8594,5.8398,-0.9531,27317,0
-3.6094,-7.1836,0.3906,27339,0
-2.1914,2.6562,-1.7188,27244,0
-20.6914,6.2617,2.9180,27388,0
-9.7773,-6.4180,1.8828,27254,0
-16.7812,7.4492,1.8438,27373,0
-16.1328,-3.6602,3.3398,27306,0
2.1758,-4.8086,-1.4492,27306,0
-20.4648,0.2109,3.7617,27268,0
0.2617,-6.6523,-0.7617,27374,0
-6.0547,5.5352,-1.1445,27255,0
-21.9531,3.8867,3.6836,27393,0
-4.5273,-7.1445,0.6562,27295,0
-20.0820,6.3398,2.8789,27327,0
-11.0000,-6.0352,2.3047,27352,0
-15.8711,7.6406,1.5391,27268,0
-17.0586,-3.1250,3.2617,27404,0
2.0625,-5.2695,-1.3359,27271,0
-10.4219,7.2969,-0.0703,27385,0
-0.4297,-6.8750,-0.5312,27329,0
-5.2148,4.9961,-1.3711,27283,0
-21.8359,4.4609,3.6055,27395,0
-0.9258,1.1289,-1.7617,27257,0
-19.4648,6.7227,2.6875,27420,0
-12.1484,-5.6523,2.5352,27314,0
-14.8672,7.5625,1.3086,27328,0
-17.9297,-2.4336,3.5703,27376,0
1.7930,-5.6484,-1.2969,27268,0
-9.3164,6.9141,-0.3398,27268,0
-1.3086,-6.9180,-0.2617,27291,0
-4.2969,4.4648,-1.4883,27291,0
-21.6914,5.0742,3.4141,27376,0
-0.2383,0.3242,-1.8281,27351,0
-18.8164,7.1445,2.4570,27283,0
-13.3750,-5.1914,2.7656,27410,0
1.9453,-3.4688,-1.6797,27277,0
-18.8555,-1.6289,3.6445,27394,0
1.4492,-6.0742,-1.2188,27306,0
-8.2852,6.6055,-0.6445,27296,0
-2.1914,-7.1133,0.0820,27386,0
-3.3398,3.5039,-1.6016,27238,0
-21.3086,5.3047,3.3398,27400,0
0.3750,-0.2891,-1.8320,27297,0
-17.9688,7.3359,2.1914,27321,0
-14.6016,-4.5781,2.8789,27341,0
2.1016,-4.1953,-1.5664,27250,0
-19.7734,-0.7500,3.8359,27386,0
1.0664,-6.4141,-1.0273,27246,0
-7.2461,6.1836,-0.8359,27384,0
-3.1484,-7.2188,0.1992,27300,0
-2.4961,3.0000,-1.6406,27288,0
-20.9609,6.0312,3.0703,27288,0
-9.3906,-6.5312,1.8438,27359,0
-17.0859,7.4102,1.9219,27236,0
-15.8320,-3.8906,3.2227,27400,0
2.2148,-4.7383,-1.4492,27262,0
-20.3867,-0.0586,3.7969,27355,0
0.4922,-6.5742,-0.7969,27316,0
-6.2891,5.6875,-1.1055,27248,0
-22.0312,3.7734,3.7227,27406,0
-1.7305,2.1992,-1.7578,27245,0
-20.2695,6.4141,2.8789,27391,0
-10.7695,-6.1133,2.1914,27293,0
-15.9805,7.6797,1.6133,27297,0
-16.9766,-3.1602,3.3398,27359,0
2.1367,-5.2266,-1.3711,27240,0
-21.0391,0.8594,3.7617,27396,0
-0.3516,-6.8789,-0.5312,27267,0
-5.1445,4.8438,-1.3359,27329,0
-21.8750,4.3477,3.6445,27325,0
-0.8477,1.0508,-1.7891,27264,0
-19.5039,6.6445,2.6484,27400,0
-12.3086,-5.5352,2.5742,27400,0
-14.6797,7.8320,1.1562,27257,0
-18.1680,-2.1289,3.4922,27373,0
1.7539,-5.7695,-1.2578,27313,0
-9.0469,7.0664,-0.4531,27270,0
-1.4609,-7.0742,-0.1484,27390,0
-3.9141,4.0781,-1.5273,27254,0
-21.6523,5.1875,3.4141,27421,0
0.0703,-0.1758,-1.8281,27313,0
-18.4336,6.9883,2.3047,27305,0
-13.9492,-4.8477,2.9570,27384,0
2.1016,-3.8516,-1.5664,27262,0
-19.3164,-1.0547,3.7617,27417,0
1.2188,-6.2305,-1.1055,27301,0
-7.5859,6.5664,-0.8750,27361,0
-2.9961,-7.3398,0.1992,27364,0
-2.6133,3.1562,-1.6797,27267,0
-20.8047,5.9180,3.3398,27400,0
0.8359,-1.1328,-1.8711,27291,0
-16.8203,7.3711,1.9609,27393,0
-15.8672,-3.9297,3.1484,27337,0
1.9844,-4.7383,-1.5273,27337,0
-20.3867,0.0195,3.7969,27324,0
0.2227,-6.7969,-0.7617,27398,0
-6.1328,5.6094,-1.2188,27287,0
-4.6016,-7.2227,0.6953,27444,0
-1.5391,1.9688,-1.7578,27316,0
-20.0781,6.4922,2.8398,27365,0
-11.1211,-6.0352,2.3438,27381,0
-15.6367,7.6406,1.5000,27301,0
-17.3242,-2.8555,3.6055,27428,0
2.0234,-5.3477,-1.3359,27316,0
-21.2266,1.2812,3.7227,27437,0
-0.7344,-6.9922,-0.4141,27351,0
-4.6797,4.7305,-1.5273,27324,0
-21.8789,4.8828,3.4531,27417,0
-0.4297,0.4766,-1.7891,27286,0
-19.1562,6.9531,2.4180,27432,0
-13.0703,-5.3086,2.7656,27313,0
-14.1055,7.7539,0.9258,27372,0
-18.6992,-1.7812,3.7227,27357,0
1.5625,-5.9961,-1.1445,27295,0
-21.7305,2.4297,3.7617,27433,0
-2.1133,-7.1094,0.0078,27433,0
-3.3398,3.8477,-1.6016,27279,0
-21.3828,5.6875,3.3008,27403,0
0.4141,-0.6719,-1.7227,27335,0
-17.8906,7.2578,2.1523,27306,0
-14.8320,-4.5039,3.1484,27402,0
-12.5703,7.4883,0.4258,27277,0
-19.8164,-0.6719,3.7617,27429,0
0.9492,-6.4531,-1.0273,27296,0
-7.0195,6.1836,-0.9883,27340,0
-3.4141,-7.2617,0.3125,27387,0
-2.2266,2.6211,-1.7188,27254,0
-20.6914,6.1484,3.0312,27435,0
1.1055,-1.4375,-1.7227,27303,0
-16.5977,7.5273,1.8047,27372,0
-16.2930,-3.6992,3.2227,27358,0
2.1758,-4.9648,-1.4102,27276,0
-20.6484,0.3242,3.9141,27408,0
0.1484,-6.6875,-0.6836,27272,0
-5.8320,5.4180,-1.2578,27272,0
-4.7969,-7.1797,0.6172,27333,0
-1.4258,1.7812,-1.7930,27333,0
-20.0430,6.6836,2.8008,27305,0
1.5625,-2.3945,-1.6797,27395,0
-15.5938,7.6016,1.5000,27261,0
-17.4414,-2.8555,3.6055,27423,0
2.0234,-5.2656,-1.3711,27296,0
-21.1914,1.1680,3.7617,27341,0
-0.6562,-6.9141,-0.4141,27358,0
-4.7969,4.7695,-1.4492,27267,0
-6.0977,-7.0312,1.0391,27423,0
-0.6211,0.7852,-1.7930,27266,0
-19.2773,6.8359,2.5742,27384,0
-12.6875,-5.4609,2.6094,27334,0
-14.4453,7.6797,1.0781,27279,0
-18.3555,-2.0898,3.6445,27370,0
1.7188,-5.7695,-1.2578,27268,0
-21.5312,1.9727,3.7969,27392,0
-1.6523,-6.9922,-0.1484,27296,0
-3.8750,4.1602,-1.5664,27340,0
-7.3633,-6.9141,1.3477,27326,0
0.0312,0.0195,-1.7930,27265,0
-18.4688,7.1797,2.3828,27374,0
-13.9883,-4.9609,2.9180,27374,0
-13.3750,7.6797,0.7344,27270,0
-19.2734,-1.2852,3.6836,27380,0
1.3711,-6.1484,-1.1797,27289,0
-21.8789,2.6602,3.7227,27302,0
-2.5742,-7.1133,0.1211,27359,0
-2.9570,3.3164,-1.6406,27236,0
-21.1523,5.6094,3.2227,27416,0
0.6055,-0.6719,-1.7578,27281,0
-17.5469,7.3359,2.1133,27313,0
-15.1758,-4.3125,3.0703,27338,0
-12.3086,7.5625,0.4258,27261,0
-20.0781,-0.4414,3.7969,27385,0
0.8750,-6.4180,-1.0273,27265,0
-6.8203,5.9922,-0.9531,27379,0
-3.5703,-7.1797,0.2734,27319,0
-2.1914,2.5859,-1.6797,27270,0
-20.6914,5.9922,3.0312,27403,0
1.0664,-1.5156,-1.7188,27248,0
-16.6367,7.2969,1.8438,27405,0
-16.2148,-3.6602,3.3008,27405,0
-11.2656,7.4102,0.1602,27325,0
-20.6484,0.2461,3.7617,27325,0
0.3398,-6.6914,-0.8359,27363,0
-5.9453,5.5352,-1.1445,27253,0
-4.5664,-7.1094,0.5820,27419,0
-1.5391,1.9727,-1.6797,27257,0
-20.1562,6.4141,2.9180,27365,0
1.4492,-2.0078,-1.7578,27339,0
-15.9023,7.5625,1.5781,27265,0
-17.0586,-3.1992,3.3008,27387,0
2.1016,-5.1875,-1.3711,27263,0
-21.0000,0.8203,3.8359,27396,0
-0.2383,-6.7617,-0.6445,27308,0
-5.2891,5.0352,-1.2969,27307,0
-5.3320,-7.0312,0.7734,27361,0
-1.0781,1.3594,-1.7578,27241,0
-19.7773,6.6445,2.8008,27382,0
-11.9258,-5.8047,2.4180,27279,0
-15.2148,7.7188,1.4219,27347,0
-17.6641,-2.7031,3.4141,27313,0
1.9844,-5.4648,-1.3711,27313,0
-21.3047,1.3594,3.8359,27366,0
-0.7734,-6.9531,-0.4922,27366,0
-4.6836,4.6133,-1.3711,27250,0
-6.1367,-6.9961,1.0039,27381,0
-0.5820,0.7461,-1.7930,27287,0
-19.3516,6.7578,2.6484,27320,0
-12.6875,-5.4609,2.6484,27354,0
-14.5664,7.6797,1.1953,27278,0
-18.2773,-2.1641,3.5312,27394,0
1.8320,-5.6875,-1.3359,27276,0
-21.5703,1.9336,3.7617,27375,0
-1.4258,-6.9922,-0.3008,27317,0
-4.0273,4.2266,-1.4883,27279,0
-21.6875,5.1523,3.4141,27390,0
-0.1211,0.1328,-1.7930,27241,0
-18.6992,7.0273,2.4180,27400,0
-13.6055,-5.0781,2.8008,27291,0
-13.7578,7.5625,0.8867,27298,0
-18.9727,-1.6289,3.6836,27349,0
1.4883,-5.9961,-1.2578,27232,0
-8.2070,6.4922,-0.5703,27401,0
-2.2266,-6.9922,0.0078,27264,0
-3.3008,3.6562,-1.6016,27264,0
-21.3867,5.5352,3.3398,27357,0
0.4141,-0.4414,-1.7617,27338,0
-17.8906,7.1797,2.2656,27255,0
-14.7148,-4.5039,3.0312,27393,0
-12.7578,7.5625,0.5039,27252,0
-19.7383,-0.7500,3.7227,27399,0
1.1055,-6.3398,-1.1055,27289,0
-7.2461,6.1484,-0.8750,27306,0
-3.1484,-7.1836,0.1992,27396,0
-2.4961,2.7734,-1.6406,27240,0
-20.8438,5.8789,3.1484,27422,0
0.9492,-1.2461,-1.7617,27299,0
-16.8633,7.2578,1.8828,27322,0
-15.9375,-3.8125,3.2227,27355,0
2.1367,-4.6172,-1.4883,27265,0
-20.5000,0.1328,3.8359,27397,0
0.3008,-6.5352,-0.8359,27277,0
-6.0547,5.5352,-1.1445,27393,0
-4.5273,-7.0703,0.5430,27348,0
-1.6523,1.9688,-1.7578,27298,0
-20.1172,6.4141,2.8398,27298,0
1.4492,-2.2812,-1.7930,27381,0
-15.7500,7.3711,1.5391,27276,0
-17.1680,-3.0078,3.6055,27403,0
2.0234,-5.0820,-1.4102,27312,0
-21.0742,1.0117,3.7227,27359,0
-0.4648,-6.8750,-0.5703,27367,0
-4.9883,4.8438,-1.3711,27273,0
-5.9062,-6.9531,0.9648,27425,0
-0.8125,0.9766,-1.7578,27288,0
-19.3555,6.7969,2.6094,27381,0
-12.4922,-5.5352,2.5352,27352,0
-14.5625,7.6406,1.1562,27299,0
-18.2070,-2.2031,3.6055,27395,0
1.7539,-5.6914,-1.2969,27292,0
-21.5352,1.8945,3.7969,27422,0
-1.5391,-6.9570,-0.2227,27319,0
-3.9141,4.0430,-1.5664,27337,0
-21.5312,5.1523,3.3398,27363,0
0.0312,-0.0586,-1.7578,27273,0
-18.4336,7.0664,2.3828,27408,0
-14.0664,-4.7695,2.9922,27408,0
-13.2227,7.6016,0.7344,27390,0
-19.3164,-1.1680,3.6836,27390,0
1.2578,-6.1523,-1.1445,27325,0
-21.9141,2.8906,3.7617,27290,0
-2.8047,-7.1133,0.1602,27386,0
-2.8047,3.1211,-1.6797,27240,0
-21.0039,5.8008,3.1094,27414,0
0.7578,-1.0938,-1.7188,27291,0
-17.1680,7.3359,1.9961,27306,0
-15.6758,-4.0039,3.2617,27374,0
-11.7266,7.3359,0.2344,27251,0
-20.3828,-0.0586,3.8750,27397,0
0.5312,-6.4570,-0.8750,27266,0
-6.2539,5.6484,-1.0664,27347,0
-4.3750,-7.0703,0.5430,27333,0
-1.6914,2.0469,-1.7188,27241,0
-20.1992,6.3750,2.8789,27394,0
1.4102,-2.0898,-1.7578,27266,0
-15.7500,7.5273,1.5391,27381,0
-17.1641,-3.0859,3.4141,27309,0
2.0234,-5.2656,-1.3711,27279,0
-21.1133,1.0117,3.8359,27360,0
-0.5430,-6.7617,-0.4922,27360,0
-4.9453,4.8047,-1.4492,27234,0
-5.9844,-6.9531,1.0039,27407,0
-0.6953,0.8594,-1.7617,27283,0
-19.3125,6.8359,2.6484,27319,0
1.8711,-3.0469,-1.7188,27366,0
-14.4102,7.6797,1.1172,27256,0
-18.3906,-2.0508,3.6055,27399,0
1.7188,-5.7695,-1.2578,27275,0
-21.6484,2.0469,3.7617,27376,0
-1.7305,-6.9961,-0.1484,27323,0
-3.7227,3.8828,-1.5664,27285,0
-7.6641,-6.7617,1.4219,27402,0
0.1836,-0.2109,-1.7930,27261,0
-18.2031,7.1445,2.2656,27412,0
-14.3281,-4.6953,2.9570,27313,0
-12.9922,7.6016,0.5820,27324,0
-19.5391,-0.9414,3.7617,27354,0
1.1445,-6.2695,-1.1445,27269,0
-21.9180,3.0039,3.7617,27407,0
-3.0312,-7.0742,0.1992,27275,0
-2.6133,2.9727,-1.6406,27275,0
-9.3516,-6.3789,1.8438,27377,0
0.8750,-1.1328,-1.7578,27337,0
-16.9414,7.3359,1.9219,27296,0
-15.8711,-3.8516,3.1484,27387,0
-11.5742,7.2969,0.1992,27284,0
-20.5000,0.0938,3.8359,27430,0
0.4141,-6.5352,-0.8359,27318,0
-21.9531,3.8477,3.6445,27349,0
-4.4883,-7.0352,0.5430,27379,0
-1.6172,1.9297,-1.6797,27275,0
-20.1211,6.3398,2.9180,27442,0
1.4102,-2.1289,-1.7578,27298,0
-15.7148,7.4492,1.5391,27383,0
-17.2422,-3.0078,3.4531,27362,0
-10.1992,7.1055,-0.1484,27291,0
-21.0742,1.0117,3.7969,27429,0
-0.5430,-6.7617,-0.4922,27293,0
-4.9453,4.7695,-1.4102,27417,0
-6.0195,-6.9141,0.9648,27343,0
-0.8125,0.8984,-1.7891,27311,0
-19.2773,6.7578,2.5742,27311,0
1.7930,-3.0469,-1.7188,27406,0
-14.4492,7.6016,1.1172,27279,0
-18.2773,-2.1289,3.6055,27427,0
-8.9297,6.7969,-0.4531,27310,0
-21.5312,1.9727,3.7969,27362,0
-1.5781,-6.9141,-0.1484,27360,0
-3.9141,4.0391,-1.5273,27285,0
-7.3633,-6.8008,1.4219,27433,0
-0.0430,-0.0195,-1.7930,27262,0
-18.3945,7.0664,2.3828,27395,0
2.0625,-3.7344,-1.6016,27347,0
-13.3359,7.5625,0.6953,27285,0
-19.2383,-1.1680,3.7227,27394,0
1.2578,-6.1133,-1.1445,27260,0
-21.8750,2.7773,3.6836,27406,0
-2.5742,-7.0352,0.1602,27298,0
-2.8398,3.1562,-1.6406,27333,0
-8.8516,-6.4570,1.7695,27366,0
0.6836,-0.8633,-1.7578,27257,0
-17.3984,7.2969,1.9961,27395,0
-15.4453,-4.0430,3.1094,27265,0
-11.9570,7.4492,0.3125,27377,0
-20.1953,-0.2109,3.7227,27377,0
0.6836,-6.4570,-0.9531,27312,0
-22.0703,3.5430,3.7227,27280,0
-3.8750,-7.0352,0.4648,27353,0
-1.9219,2.2383,-1.6797,27227,0
-10.3867,-6.0742,2.1914,27405,0
1.1797,-1.7812,-1.7188,27282,0
-16.2930,7.3359,1.6914,27307,0
-16.7031,-3.3164,3.3789,27355,0
-10.6992,7.1055,0.0078,27252,0
-20.8477,0.6289,3.7617,27395,0
-0.0820,-6.6133,-0.6445,27261,0
-21.9922,4.3086,3.6055,27361,0
-5.2148,-6.8750,0.8086,27306,0
-1.1172,1.3203,-1.7227,27253,0
-19.6953,6.5664,2.7266,27390,0
1.6797,-2.6250,-1.7188,27254,0
-15.1328,7.5273,1.3086,27384,0
-17.8203,-2.5117,3.4531,27384,0
-9.5820,6.8750,-0.3008,27297,0
-21.3867,1.5117,3.7227,27351,0
-0.9648,-6.8008,-0.3398,27351,0
-4.4883,4.3086,-1.4102,27247,0
-6.5195,-6.8398,1.1562,27390,0
-0.3516,0.4375,-1.7578,27267,0
-19.0508,6.8750,2.5742,27337,0
2.0234,-3.2344,-1.6797,27339,0
-14.1016,7.6016,1.0039,27267,0
-18.6641,-1.7812,3.6445,27369,0
-8.5469,6.6055,-0.5312,27256,0
-21.6914,2.1992,3.7227,27380,0
-1.8828,-6.9531,-0.1484,27291,0
-3.6094,3.7383,-1.5664,27289,0
-7.6680,-6.6875,1.4609,27359,0
0.2227,-0.3281,-1.7227,27226,0
-18.2773,7.0664,2.2266,27408,0
2.2930,-3.8945,-1.5664,27284,0
-13.5273,7.4883,0.6953,27335,0
-19.3555,-0.9414,3.7227,27314,0
1.4883,-6.2266,-0.9141,27242,0
-21.8398,2.9297,3.6836,27384,0
-2.6133,-7.0703,0.2734,27251,0
-2.8789,3.1992,-1.6406,27251,0
-8.8555,-6.4961,1.7305,27393,0
0.7969,-0.9766,-1.7617,27289,0
-17.3203,7.2188,1.9961,27284,0
2.2148,-4.4609,-1.5273,27366,0
-12.0703,7.4492,0.3125,27239,0
-20.3047,-0.2500,3.7227,27393,0
0.7578,-6.5352,-0.9531,27259,0
-21.9570,3.5820,3.7227,27338,0
-3.9141,-7.0742,0.4258,27314,0
-2.0000,2.3555,-1.6406,27252,0
-10.3164,-6.1133,2.0742,27397,0
1.2188,-1.6289,-1.7188,27226,0
-16.2891,7.3711,1.7695,27367,0
-16.5586,-3.3906,3.3008,27300,0
-11.0039,7.2188,0.1211,27259,0
-20.8086,0.5156,3.7617,27358,0
0.1094,-6.6484,-0.7227,27229,0
-21.9922,4.1562,3.6055,27410,0
-4.9102,-6.9922,0.6562,27275,0
-1.3086,1.5508,-1.7188,27304,0
-19.9648,6.5312,2.7656,27344,0
1.6406,-2.3945,-1.7188,27344,0
-15.5195,7.4883,1.5000,27239,0
-17.5078,-2.7773,3.4531,27379,0
-10.0781,7.0273,-0.0703,27267,0
-21.1914,1.1680,3.7617,27365,0
-0.5820,-6.7617,-0.4531,27302,0
-21.9141,4.6133,3.5703,27284,0
-5.9453,-6.9180,0.8867,27375,0
-0.6953,0.8984,-1.7617,27242,0
-19.4609,6.7227,2.6484,27416,0
1.8711,-2.9297,-1.7188,27298,0
-14.7539,7.5625,1.2305,27309,0
-18.1680,-2.3203,3.4922,27359,0
-9.3164,6.7969,-0.3008,27261,0
-21.4961,1.6641,3.7969,27404,0
-1.1172,-6.7969,-0.2617,27277,0
-4.2188,4.2305,-1.4492,27369,0
-6.7500,-6.7578,1.1953,27324,0
-0.2734,0.4023,-1.7227,27277,0
-18.9297,6.9531,2.5352,27277,0
2.0234,-3.3555,-1.6797,27267,0
-14.0664,7.6016,1.0391,27267,0
-18.7383,-1.7461,3.5703,27407,0
1.6797,-5.8867,-1.2578,27312,0
-21.7305,2.1641,3.6836,27334,0
-1.8086,-6.9531,-0.1094,27365,0
-3.6094,3.7344,-1.5273,27261,0
-7.6250,-6.6875,1.3867,27425,0
0.1836,-0.1758,-1.7578,27273,0
-18.3945,7.1055,2.3438,27382,0
2.1758,-3.7344,-1.5664,27338,0
-13.3398,7.5273,0.8086,27286,0
-19.3555,-1.1680,3.6836,27400,0
1.3711,-6.0352,-1.1445,27269,0
-21.8359,2.6992,3.7617,27419,0
-2.5352,-6.9922,0.0820,27301,0
-2.9570,3.2383,-1.6016,27325,0
-8.5898,-6.4961,1.6914,27375,0
0.6055,-0.7109,-1.7891,27256,0
-17.6641,7.1445,2.0742,27419,0
-15.0234,-4.2734,3.0312,27282,0
-12.4922,7.4102,0.4648,27372,0
-19.9648,-0.5586,3.7227,27345,0
0.9492,-6.3359,-0.9883,27345,0
-21.9961,3.3125,3.7227,27279,0
-3.3008,-7.0312,0.2344,27388,0
-2.3438,2.6602,-1.6016,27243,0
-9.6211,-6.2656,1.9219,27394,0
0.9883,-1.3242,-1.7227,27299,0
-16.8242,7.2578,1.9219,27282,0
-16.0195,-3.7383,3.1875,27359,0
-11.5039,7.1797,0.2344,27240,0
-20.5039,0.1328,3.7617,27373,0
0.4141,-6.4961,-0.8359,27246,0
-21.9570,3.8086,3.6445,27334,0
-4.2969,-6.9531,0.5039,27306,0
-1.7305,1.9727,-1.7188,27236,0
-20.2344,6.3008,2.9180,27387,0
1.3359,-1.9375,-1.7188,27237,0
-15.9375,7.3359,1.6523,27362,0
-16.9805,-3.0859,3.3008,27289,0
-10.5820,7.0273,0.0078,27266,0
-20.9648,0.8203,3.7617,27347,0
-0.2383,-6.6133,-0.6445,27243,0
-5.2930,4.8828,-1.3359,27243,0
-5.4062,-6.8789,0.8086,27373,0
-1.0781,1.2422,-1.7578,27271,0
-19.6562,6.4922,2.6875,27315,0
1.6406,-2.6250,-1.7188,27330,0
-15.0625,7.4102,1.3867,27248,0
-17.7852,-2.4727,3.4922,27366,0
-9.5781,6.8359,-0.2617,27254,0
-21.3477,1.5898,3.7227,27382,0
-1.0391,-6.7617,-0.3789,27284,0
-4.4492,4.3086,-1.4492,27295,0
-6.5938,-6.7227,1.1172,27362,0
-0.4297,0.4375,-1.8281,27234,0
-19.0078,6.7969,2.4961,27406,0
1.8711,-3.2734,-1.7188,27268,0
-14.1016,7.4883,0.9648,27350,0
-18.5859,-1.7812,3.6445,27338,0
1.6406,-5.7656,-1.2578,27264,0
-21.7305,2.1992,3.7617,27404,0
-1.8828,-6.8359,-0.1094,27263,0
-3.5703,3.6992,-1.5664,27263,0
-7.7422,-6.6094,1.4609,27296,0
0.2617,-0.2891,-1.7891,27296,0
-18.2031,6.9883,2.3047,27288,0
-14.3711,-4.5391,2.9570,27381,0
-13.0312,7.4492,0.6172,27250,0
-19.5391,-0.9414,3.7227,27420,0
1.2188,-6.1094,-1.1055,27286,0
-21.9141,2.9297,3.7227,27338,0
-2.9570,-6.9922,0.1602,27363,0
-2.6875,2.9297,-1.6406,27261,0
-9.1602,-6.3398,1.8438,27430,0
0.7969,-1.0547,-1.7578,27266,0
-17.1250,7.1797,1.9961,27387,0
-15.6758,-3.8906,3.1484,27356,0
-11.8047,7.2578,0.3125,27294,0
-20.3047,-0.0586,3.7969,27405,0
0.5312,-6.3789,-0.8750,27253,0
-21.9180,3.6172,3.6836,27436,0
-4.1836,-6.9570,0.5430,27312,0
-1.8438,2.0859,-1.7188,27310,0
-20.2695,6.1094,2.9180,27394,0
1.2578,-1.8633,-1.7578,27266,0
-15.9805,7.2969,1.5781,27266,0
-16.9023,-3.1602,3.3789,27411,0
-10.5781,7.0664,-0.0312,27316,0
-20.9609,0.8594,3.7969,27370,0
-0.2383,-6.5742,-0.5703,27338,0
-5.2930,4.8828,-1.3359,27292,0
-5.5234,-6.8359,0.8867,27409,0
-1.0039,1.1289,-1.7930,27275,0
-19.5430,6.5664,2.6875,27424,0
1.6797,-2.7422,-1.7188,27337,0
-14.8281,7.3711,1.2695,27307,0
-17.9727,-2.3203,3.5312,27397,0
-9.2734,6.6836,-0.3789,27286,0
-21.4258,1.7422,3.7617,27410,0
-1.3086,-6.7227,-0.2227,27288,0
-4.1836,4.1562,-1.5273,27376,0
-6.9766,-6.6875,1.2695,27340,0
-0.2383,0.1719,-1.7617,27284,0
-18.6289,6.9141,2.3828,27403,0
1.9844,-3.5469,-1.6406,27280,0
-13.5664,7.4883,0.8086,27404,0
-19.0781,-1.3633,3.6836,27319,0
1.3359,-5.9531,-1.1797,27319,0
-21.7266,2.6211,3.7617,27312,0
-2.5352,-6.9141,0.0820,27372,0
-3.0703,3.2344,-1.6406,27257,0
-8.6289,-6.4180,1.7305,27442,0
0.5312,-0.7500,-1.7578,27273,0
-17.4805,7.1445,2.0742,27349,0
2.0625,-4.3164,-1.5273,27334,0
-12.1133,7.3359,0.3906,27246,0
-20.1211,-0.2500,3.7969,27398,0
0.6445,-6.3398,-0.9141,27247,0
-21.8789,3.4648,3.7227,27409,0
-3.9922,-6.9570,0.4648,27304,0
-1.9609,2.2773,-1.7188,27282,0
-10.4648,-6.0352,2.1523,27405,0
1.1797,-1.7812,-1.7578,27231,0
-16.0938,7.3359,1.6523,27419,0
-16.7812,-3.1992,3.3398,27288,0
-10.6602,7.1445,-0.0312,27315,0
-20.8867,0.7852,3.7969,27363,0
-0.3125,-6.6094,-0.5703,27363,0
-21.8398,4.3086,3.6445,27414,0
-5.5625,-6.8750,0.9258,27414,0
-1.0039,1.1289,-1.7930,27248,0
-19.5430,6.6055,2.6875,27359,0
1.6797,-2.7734,-1.6797,27309,0
-14.7539,7.5273,1.1953,27251,0
-18.0117,-2.2422,3.5703,27372,0
-9.1602,6.7969,-0.3789,27260,0
-21.4531,1.8164,3.7617,27385,0
-1.4609,-6.8359,-0.1836,27292,0
-21.6133,5.0742,3.3789,27312,0
-7.2031,-6.7227,1.3867,27330,0
-0.0430,0.0195,-1.7930,27243,0
-18.4727,6.9531,2.3438,27389,0
1.9844,-3.6953,-1.6016,27273,0
-13.3398,7.4883,0.7344,27322,0
-19.2344,-1.2070,3.6836,27324,0
-7.7070,6.2227,-0.7969,27248,0
-21.8086,2.8125,3.7227,27370,0
-2.7656,-6.9570,0.1602,27250,0
-2.8398,3.1172,-1.6406,27367,0
-8.9727,-6.3789,1.8047,27292,0
0.7227,-0.9766,-1.7227,27292,0
-17.2031,7.1797,1.9961,27288,0
2.1016,-4.4219,-1.4492,27381,0
-11.8086,7.2578,0.2734,27253,0
-20.3047,-0.0586,3.7969,27392,0
0.5312,-6.4180,-0.8359,27287,0
-21.9570,3.6953,3.6055,27347,0
-4.2578,-6.9961,0.5820,27315,0
-1.7695,2.0078,-1.7188,27254,0
-10.8086,-5.9219,2.2266,27393,0
1.2969,-2.0078,-1.7578,27222,0
-15.8672,7.3359,1.5781,27389,0
1.9844,-5.0820,-1.3359,27297,0
-10.3867,7.0273,-0.1484,27276,0
-21.0430,0.9766,3.7969,27359,0
-0.5039,-6.6523,-0.4922,27245,0
-21.8047,4.4609,3.5703,27407,0
-5.8281,-6.8359,0.9648,27282,0
-0.8125,0.9375,-1.7578,27317,0
-12.5352,-5.3828,2.6094,27352,0
1.7188,-2.9688,-1.6797,27241,0
-14.5234,7.4883,1.1172,27241,0
-18.2461,-2.0508,3.5703,27410,0
-8.8945,6.6445,-0.4531,27261,0
-21.5312,1.9727,3.7969,27383,0
-1.6914,-6.8398,-0.1094,27317,0
-21.4922,5.1523,3.3398,27276,0
-7.5195,-6.6484,1.3867,27397,0
0.0703,-0.1367,-1.7578,27238,0
-14.1445,-4.6562,2.9180,27422,0
2.0234,-3.8125,-1.6016,27289,0
-13.1094,7.4492,0.6562,27303,0
-19.4336,-0.9766,3.7617,27376,0
-7.4766,6.1094,-0.8750,27258,0
-21.8750,2.9297,3.7617,27409,0
-3.0312,-6.9922,0.2344,27278,0
